post_title,ID,post_excerpt,post_status,post_date,post_author,discount_type,coupon_amount,individual_use,product_ids,product_SKUs,exclude_product_ids,exclude_product_SKUs,usage_count,usage_limit,usage_limit_per_user,limit_usage_to_x_items,date_expires,free_shipping,exclude_sale_items,product_categories,exclude_product_categories,minimum_amount,maximum_amount,customer_email,meta:apply_before_tax,meta:auto_generate_coupon,meta:coupon_generated_by,meta:coupon_title_prefix,meta:coupon_title_suffix,meta:description,meta:expiry_date,meta:is_pick_price_of_product,meta:sa_cbl_billing_locations,meta:sa_cbl_locations_lookup_in,meta:sa_cbl_shipping_locations,meta:sc_coupon_validity,meta:sc_disable_email_restriction,meta:sc_is_visible_storewide,meta:sc_restrict_to_new_user,meta:shareasale_wc_tracker_coupon_upload_enabled,meta:slide_template,meta:validity_suffix,meta:wc_coupon_message,meta:wc_email_message,meta:wc_sc_add_product_details,meta:wc_sc_auto_apply_coupon,meta:wc_sc_exclude_product_attribute_ids,meta:wc_sc_expiry_time,meta:wc_sc_max_discount,meta:wc_sc_payment_method_ids,meta:wc_sc_product_attribute_ids,meta:wc_sc_shipping_method_ids,meta:wc_sc_user_role_ids
7izn-bczk-psye,276541,,publish,"2019-10-28 21:17:17",1,fixed_cart,20,no,,,,,,1,,,,no,no,,,,,,,,,,,,,,,,,,,,,,,,,,,,,,,,,,
rttg-q0mc-6gos,276542,,publish,"2019-10-28 21:17:17",1,fixed_cart,20,no,,,,,,1,,,,no,no,,,,,,,,,,,,,,,,,,,,,,,,,,,,,,,,,,
xxu0-iido-nlev,276543,,publish,"2019-10-28 21:17:17",1,fixed_cart,20,no,,,,,,1,,,,no,no,,,,,,,,,,,,,,,,,,,,,,,,,,,,,,,,,,
crll-c1dm-thbd,276544,,publish,"2019-10-28 21:17:17",1,fixed_cart,20,no,,,,,,1,,,,no,no,,,,,,,,,,,,,,,,,,,,,,,,,,,,,,,,,,
ivxe-5crz-x2rb,276545,,publish,"2019-10-28 21:17:17",1,fixed_cart,20,no,,,,,,1,,,,no,no,,,,,,,,,,,,,,,,,,,,,,,,,,,,,,,,,,
7bu0-2d9o-xdpu,276546,,publish,"2019-10-28 21:17:17",1,fixed_cart,20,no,,,,,,1,,,,no,no,,,,,,,,,,,,,,,,,,,,,,,,,,,,,,,,,,
ettz-0es4-q6yu,276547,,publish,"2019-10-28 21:17:17",1,fixed_cart,20,no,,,,,,1,,,,no,no,,,,,,,,,,,,,,,,,,,,,,,,,,,,,,,,,,
vqx9-h1tv-9bax,276548,,publish,"2019-10-28 21:17:17",1,fixed_cart,20,no,,,,,,1,,,,no,no,,,,,,,,,,,,,,,,,,,,,,,,,,,,,,,,,,
mmq8-jfvl-fgnf,276549,,publish,"2019-10-28 21:17:17",1,fixed_cart,20,no,,,,,,1,,,,no,no,,,,,,,,,,,,,,,,,,,,,,,,,,,,,,,,,,
t9iu-czih-f5oe,276550,,publish,"2019-10-28 21:17:17",1,fixed_cart,20,no,,,,,,1,,,,no,no,,,,,,,,,,,,,,,,,,,,,,,,,,,,,,,,,,
vxjl-jrs2-ufvp,276551,,publish,"2019-10-28 21:17:17",1,fixed_cart,20,no,,,,,,1,,,,no,no,,,,,,,,,,,,,,,,,,,,,,,,,,,,,,,,,,
wbtm-dnd7-qb33,276552,,publish,"2019-10-28 21:17:17",1,fixed_cart,20,no,,,,,,1,,,,no,no,,,,,,,,,,,,,,,,,,,,,,,,,,,,,,,,,,
75y7-8saq-ohqk,276553,,publish,"2019-10-28 21:17:17",1,fixed_cart,20,no,,,,,,1,,,,no,no,,,,,,,,,,,,,,,,,,,,,,,,,,,,,,,,,,
r2xu-kvfg-azhx,276554,,publish,"2019-10-28 21:17:17",1,fixed_cart,20,no,,,,,,1,,,,no,no,,,,,,,,,,,,,,,,,,,,,,,,,,,,,,,,,,
wywg-baip-prs8,276555,,publish,"2019-10-28 21:17:17",1,fixed_cart,20,no,,,,,,1,,,,no,no,,,,,,,,,,,,,,,,,,,,,,,,,,,,,,,,,,
wywv-cqd8-knj1,276556,,publish,"2019-10-28 21:17:17",1,fixed_cart,20,no,,,,,,1,,,,no,no,,,,,,,,,,,,,,,,,,,,,,,,,,,,,,,,,,
mv1q-d7c3-gkby,276557,,publish,"2019-10-28 21:17:17",1,fixed_cart,20,no,,,,,,1,,,,no,no,,,,,,,,,,,,,,,,,,,,,,,,,,,,,,,,,,
cnme-mcre-1ftj,276558,,publish,"2019-10-28 21:17:17",1,fixed_cart,20,no,,,,,,1,,,,no,no,,,,,,,,,,,,,,,,,,,,,,,,,,,,,,,,,,
mcqp-j7q6-nfpz,276559,,publish,"2019-10-28 21:17:17",1,fixed_cart,20,no,,,,,,1,,,,no,no,,,,,,,,,,,,,,,,,,,,,,,,,,,,,,,,,,
7ejo-uks7-s5ix,276560,,publish,"2019-10-28 21:17:17",1,fixed_cart,20,no,,,,,,1,,,,no,no,,,,,,,,,,,,,,,,,,,,,,,,,,,,,,,,,,
eqwi-hgkz-njag,276561,,publish,"2019-10-28 21:17:17",1,fixed_cart,20,no,,,,,,1,,,,no,no,,,,,,,,,,,,,,,,,,,,,,,,,,,,,,,,,,
bygk-xzmj-opvh,276562,,publish,"2019-10-28 21:17:17",1,fixed_cart,20,no,,,,,,1,,,,no,no,,,,,,,,,,,,,,,,,,,,,,,,,,,,,,,,,,
qmsn-29vs-jaok,276563,,publish,"2019-10-28 21:17:17",1,fixed_cart,20,no,,,,,,1,,,,no,no,,,,,,,,,,,,,,,,,,,,,,,,,,,,,,,,,,
2gyh-tyke-hb82,276564,,publish,"2019-10-28 21:17:17",1,fixed_cart,20,no,,,,,,1,,,,no,no,,,,,,,,,,,,,,,,,,,,,,,,,,,,,,,,,,
ndyv-slas-9m8t,276565,,publish,"2019-10-28 21:17:17",1,fixed_cart,20,no,,,,,,1,,,,no,no,,,,,,,,,,,,,,,,,,,,,,,,,,,,,,,,,,
e2p3-e3vc-prn2,276566,,publish,"2019-10-28 21:17:17",1,fixed_cart,20,no,,,,,,1,,,,no,no,,,,,,,,,,,,,,,,,,,,,,,,,,,,,,,,,,
ddwp-acgc-ubrd,276567,,publish,"2019-10-28 21:17:17",1,fixed_cart,20,no,,,,,,1,,,,no,no,,,,,,,,,,,,,,,,,,,,,,,,,,,,,,,,,,
8k0e-dadq-kvif,276568,,publish,"2019-10-28 21:17:17",1,fixed_cart,20,no,,,,,,1,,,,no,no,,,,,,,,,,,,,,,,,,,,,,,,,,,,,,,,,,
9vyj-ocgj-tsog,276569,,publish,"2019-10-28 21:17:17",1,fixed_cart,20,no,,,,,,1,,,,no,no,,,,,,,,,,,,,,,,,,,,,,,,,,,,,,,,,,
svym-v9p2-maxj,276570,,publish,"2019-10-28 21:17:17",1,fixed_cart,20,no,,,,,,1,,,,no,no,,,,,,,,,,,,,,,,,,,,,,,,,,,,,,,,,,
ce7y-m8mw-bxng,276571,,publish,"2019-10-28 21:17:17",1,fixed_cart,20,no,,,,,,1,,,,no,no,,,,,,,,,,,,,,,,,,,,,,,,,,,,,,,,,,
lscx-d8qz-jbdm,276572,,publish,"2019-10-28 21:17:17",1,fixed_cart,20,no,,,,,,1,,,,no,no,,,,,,,,,,,,,,,,,,,,,,,,,,,,,,,,,,
ibm7-enff-wxze,276573,,publish,"2019-10-28 21:17:17",1,fixed_cart,20,no,,,,,,1,,,,no,no,,,,,,,,,,,,,,,,,,,,,,,,,,,,,,,,,,
q7ok-fxxn-loax,276574,,publish,"2019-10-28 21:17:17",1,fixed_cart,20,no,,,,,,1,,,,no,no,,,,,,,,,,,,,,,,,,,,,,,,,,,,,,,,,,
tseh-ho8d-bcut,276575,,publish,"2019-10-28 21:17:17",1,fixed_cart,20,no,,,,,,1,,,,no,no,,,,,,,,,,,,,,,,,,,,,,,,,,,,,,,,,,
mq50-3iec-kmaf,276576,,publish,"2019-10-28 21:17:17",1,fixed_cart,20,no,,,,,,1,,,,no,no,,,,,,,,,,,,,,,,,,,,,,,,,,,,,,,,,,
zhbs-5aff-hr2u,276577,,publish,"2019-10-28 21:17:17",1,fixed_cart,20,no,,,,,,1,,,,no,no,,,,,,,,,,,,,,,,,,,,,,,,,,,,,,,,,,
amk4-oosh-xuug,276578,,publish,"2019-10-28 21:17:17",1,fixed_cart,20,no,,,,,,1,,,,no,no,,,,,,,,,,,,,,,,,,,,,,,,,,,,,,,,,,
u4gs-guzn-iqff,276579,,publish,"2019-10-28 21:17:17",1,fixed_cart,20,no,,,,,,1,,,,no,no,,,,,,,,,,,,,,,,,,,,,,,,,,,,,,,,,,
0pzu-nclz-yidq,276580,,publish,"2019-10-28 21:17:17",1,fixed_cart,20,no,,,,,,1,,,,no,no,,,,,,,,,,,,,,,,,,,,,,,,,,,,,,,,,,
0jpv-psrh-leia,276581,,publish,"2019-10-28 21:17:17",1,fixed_cart,20,no,,,,,,1,,,,no,no,,,,,,,,,,,,,,,,,,,,,,,,,,,,,,,,,,
m7qo-ztnt-scjm,276582,,publish,"2019-10-28 21:17:17",1,fixed_cart,20,no,,,,,,1,,,,no,no,,,,,,,,,,,,,,,,,,,,,,,,,,,,,,,,,,
63oq-sfmx-zbbl,276583,,publish,"2019-10-28 21:17:17",1,fixed_cart,20,no,,,,,,1,,,,no,no,,,,,,,,,,,,,,,,,,,,,,,,,,,,,,,,,,
tl3q-vehb-nisq,276584,,publish,"2019-10-28 21:17:17",1,fixed_cart,20,no,,,,,,1,,,,no,no,,,,,,,,,,,,,,,,,,,,,,,,,,,,,,,,,,
1pdw-9plv-gms7,276585,,publish,"2019-10-28 21:17:17",1,fixed_cart,20,no,,,,,,1,,,,no,no,,,,,,,,,,,,,,,,,,,,,,,,,,,,,,,,,,
ee8u-vimf-j9l4,276586,,publish,"2019-10-28 21:17:17",1,fixed_cart,20,no,,,,,,1,,,,no,no,,,,,,,,,,,,,,,,,,,,,,,,,,,,,,,,,,
u6g6-5ajp-gu5x,276587,,publish,"2019-10-28 21:17:17",1,fixed_cart,20,no,,,,,,1,,,,no,no,,,,,,,,,,,,,,,,,,,,,,,,,,,,,,,,,,
uhkf-ulf6-mffp,276588,,publish,"2019-10-28 21:17:17",1,fixed_cart,20,no,,,,,,1,,,,no,no,,,,,,,,,,,,,,,,,,,,,,,,,,,,,,,,,,
6qta-xdt0-zvj3,276589,,publish,"2019-10-28 21:17:17",1,fixed_cart,20,no,,,,,,1,,,,no,no,,,,,,,,,,,,,,,,,,,,,,,,,,,,,,,,,,
nscm-mywh-vvnd,276590,,publish,"2019-10-28 21:17:17",1,fixed_cart,20,no,,,,,,1,,,,no,no,,,,,,,,,,,,,,,,,,,,,,,,,,,,,,,,,,
gthw-o8qd-4oyt,276591,,publish,"2019-10-28 21:17:17",1,fixed_cart,20,no,,,,,,1,,,,no,no,,,,,,,,,,,,,,,,,,,,,,,,,,,,,,,,,,
jcgs-dzhl-rwvi,276592,,publish,"2019-10-28 21:17:17",1,fixed_cart,20,no,,,,,,1,,,,no,no,,,,,,,,,,,,,,,,,,,,,,,,,,,,,,,,,,
drej-7d3n-f67l,276593,,publish,"2019-10-28 21:17:17",1,fixed_cart,20,no,,,,,,1,,,,no,no,,,,,,,,,,,,,,,,,,,,,,,,,,,,,,,,,,
c3vu-c54z-nqgf,276594,,publish,"2019-10-28 21:17:17",1,fixed_cart,20,no,,,,,,1,,,,no,no,,,,,,,,,,,,,,,,,,,,,,,,,,,,,,,,,,
lgxv-j5ag-ymgp,276595,,publish,"2019-10-28 21:17:17",1,fixed_cart,20,no,,,,,,1,,,,no,no,,,,,,,,,,,,,,,,,,,,,,,,,,,,,,,,,,
4shs-giud-jxp0,276596,,publish,"2019-10-28 21:17:17",1,fixed_cart,20,no,,,,,,1,,,,no,no,,,,,,,,,,,,,,,,,,,,,,,,,,,,,,,,,,
vuaz-zilm-da1x,276597,,publish,"2019-10-28 21:17:17",1,fixed_cart,20,no,,,,,,1,,,,no,no,,,,,,,,,,,,,,,,,,,,,,,,,,,,,,,,,,
24zi-cdds-pf8v,276598,,publish,"2019-10-28 21:17:17",1,fixed_cart,20,no,,,,,,1,,,,no,no,,,,,,,,,,,,,,,,,,,,,,,,,,,,,,,,,,
otxt-bl0m-yfft,276599,,publish,"2019-10-28 21:17:17",1,fixed_cart,20,no,,,,,,1,,,,no,no,,,,,,,,,,,,,,,,,,,,,,,,,,,,,,,,,,
fqwo-gpoy-hiew,276600,,publish,"2019-10-28 21:17:17",1,fixed_cart,20,no,,,,,,1,,,,no,no,,,,,,,,,,,,,,,,,,,,,,,,,,,,,,,,,,
car5-odel-9rvl,276601,,publish,"2019-10-28 21:17:17",1,fixed_cart,20,no,,,,,,1,,,,no,no,,,,,,,,,,,,,,,,,,,,,,,,,,,,,,,,,,
8a9m-ojne-lhnd,276602,,publish,"2019-10-28 21:17:17",1,fixed_cart,20,no,,,,,,1,,,,no,no,,,,,,,,,,,,,,,,,,,,,,,,,,,,,,,,,,
neib-twck-m18k,276603,,publish,"2019-10-28 21:17:17",1,fixed_cart,20,no,,,,,,1,,,,no,no,,,,,,,,,,,,,,,,,,,,,,,,,,,,,,,,,,
r4b4-n7w7-2euu,276604,,publish,"2019-10-28 21:17:17",1,fixed_cart,20,no,,,,,,1,,,,no,no,,,,,,,,,,,,,,,,,,,,,,,,,,,,,,,,,,
3nxf-hcf3-qts3,276605,,publish,"2019-10-28 21:17:17",1,fixed_cart,20,no,,,,,,1,,,,no,no,,,,,,,,,,,,,,,,,,,,,,,,,,,,,,,,,,
wbho-oqhy-wmuy,276606,,publish,"2019-10-28 21:17:17",1,fixed_cart,20,no,,,,,,1,,,,no,no,,,,,,,,,,,,,,,,,,,,,,,,,,,,,,,,,,
xse8-nfer-jbhr,276607,,publish,"2019-10-28 21:17:17",1,fixed_cart,20,no,,,,,,1,,,,no,no,,,,,,,,,,,,,,,,,,,,,,,,,,,,,,,,,,
lbnf-22p9-ixge,276608,,publish,"2019-10-28 21:17:17",1,fixed_cart,20,no,,,,,,1,,,,no,no,,,,,,,,,,,,,,,,,,,,,,,,,,,,,,,,,,
sxc4-gbuc-kv9e,276609,,publish,"2019-10-28 21:17:17",1,fixed_cart,20,no,,,,,,1,,,,no,no,,,,,,,,,,,,,,,,,,,,,,,,,,,,,,,,,,
84zv-p8fj-7emz,276610,,publish,"2019-10-28 21:17:17",1,fixed_cart,20,no,,,,,,1,,,,no,no,,,,,,,,,,,,,,,,,,,,,,,,,,,,,,,,,,
dqyt-46zz-vadh,276611,,publish,"2019-10-28 21:17:17",1,fixed_cart,20,no,,,,,,1,,,,no,no,,,,,,,,,,,,,,,,,,,,,,,,,,,,,,,,,,
hjds-oxgw-39ps,276612,,publish,"2019-10-28 21:17:17",1,fixed_cart,20,no,,,,,,1,,,,no,no,,,,,,,,,,,,,,,,,,,,,,,,,,,,,,,,,,
cp4j-ztsx-nxlv,276613,,publish,"2019-10-28 21:17:17",1,fixed_cart,20,no,,,,,,1,,,,no,no,,,,,,,,,,,,,,,,,,,,,,,,,,,,,,,,,,
grwy-5afo-kidf,276614,,publish,"2019-10-28 21:17:17",1,fixed_cart,20,no,,,,,,1,,,,no,no,,,,,,,,,,,,,,,,,,,,,,,,,,,,,,,,,,
365i-4wh9-941z,276615,,publish,"2019-10-28 21:17:17",1,fixed_cart,20,no,,,,,,1,,,,no,no,,,,,,,,,,,,,,,,,,,,,,,,,,,,,,,,,,
tgqn-xpzp-1tn8,276616,,publish,"2019-10-28 21:17:17",1,fixed_cart,20,no,,,,,,1,,,,no,no,,,,,,,,,,,,,,,,,,,,,,,,,,,,,,,,,,
grzq-og8i-cqda,276617,,publish,"2019-10-28 21:17:17",1,fixed_cart,20,no,,,,,,1,,,,no,no,,,,,,,,,,,,,,,,,,,,,,,,,,,,,,,,,,
e2ep-6wdj-x9lm,276618,,publish,"2019-10-28 21:17:17",1,fixed_cart,20,no,,,,,,1,,,,no,no,,,,,,,,,,,,,,,,,,,,,,,,,,,,,,,,,,
vpga-gyxt-8omy,276619,,publish,"2019-10-28 21:17:17",1,fixed_cart,20,no,,,,,,1,,,,no,no,,,,,,,,,,,,,,,,,,,,,,,,,,,,,,,,,,
6p0s-hkbg-ofqu,276620,,publish,"2019-10-28 21:17:17",1,fixed_cart,20,no,,,,,,1,,,,no,no,,,,,,,,,,,,,,,,,,,,,,,,,,,,,,,,,,
cyoh-mves-o0wu,276621,,publish,"2019-10-28 21:17:17",1,fixed_cart,20,no,,,,,,1,,,,no,no,,,,,,,,,,,,,,,,,,,,,,,,,,,,,,,,,,
azqx-fjtq-sxtr,276622,,publish,"2019-10-28 21:17:17",1,fixed_cart,20,no,,,,,,1,,,,no,no,,,,,,,,,,,,,,,,,,,,,,,,,,,,,,,,,,
5xst-kqzf-xgsk,276623,,publish,"2019-10-28 21:17:17",1,fixed_cart,20,no,,,,,,1,,,,no,no,,,,,,,,,,,,,,,,,,,,,,,,,,,,,,,,,,
j7cd-echh-tiaj,276624,,publish,"2019-10-28 21:17:17",1,fixed_cart,20,no,,,,,,1,,,,no,no,,,,,,,,,,,,,,,,,,,,,,,,,,,,,,,,,,
mv5g-bvxp-2xhm,276625,,publish,"2019-10-28 21:17:17",1,fixed_cart,20,no,,,,,,1,,,,no,no,,,,,,,,,,,,,,,,,,,,,,,,,,,,,,,,,,
hofb-rdkl-djic,276626,,publish,"2019-10-28 21:17:17",1,fixed_cart,20,no,,,,,,1,,,,no,no,,,,,,,,,,,,,,,,,,,,,,,,,,,,,,,,,,
wp50-trxn-9mxh,276627,,publish,"2019-10-28 21:17:17",1,fixed_cart,20,no,,,,,,1,,,,no,no,,,,,,,,,,,,,,,,,,,,,,,,,,,,,,,,,,
sitx-eiov-cevq,276628,,publish,"2019-10-28 21:17:17",1,fixed_cart,20,no,,,,,,1,,,,no,no,,,,,,,,,,,,,,,,,,,,,,,,,,,,,,,,,,
rzlv-rkfd-czms,276629,,publish,"2019-10-28 21:17:17",1,fixed_cart,20,no,,,,,,1,,,,no,no,,,,,,,,,,,,,,,,,,,,,,,,,,,,,,,,,,
8dnh-rtkz-9qly,276630,,publish,"2019-10-28 21:17:17",1,fixed_cart,20,no,,,,,,1,,,,no,no,,,,,,,,,,,,,,,,,,,,,,,,,,,,,,,,,,
usui-mly2-fxkc,276631,,publish,"2019-10-28 21:17:17",1,fixed_cart,20,no,,,,,,1,,,,no,no,,,,,,,,,,,,,,,,,,,,,,,,,,,,,,,,,,
5fqu-vshc-8psp,276632,,publish,"2019-10-28 21:17:17",1,fixed_cart,20,no,,,,,,1,,,,no,no,,,,,,,,,,,,,,,,,,,,,,,,,,,,,,,,,,
sysq-ebzi-orvs,276633,,publish,"2019-10-28 21:17:17",1,fixed_cart,20,no,,,,,,1,,,,no,no,,,,,,,,,,,,,,,,,,,,,,,,,,,,,,,,,,
zyo9-kld6-lmum,276634,,publish,"2019-10-28 21:17:17",1,fixed_cart,20,no,,,,,,1,,,,no,no,,,,,,,,,,,,,,,,,,,,,,,,,,,,,,,,,,
1jtw-w9ie-f1b3,276635,,publish,"2019-10-28 21:17:17",1,fixed_cart,20,no,,,,,,1,,,,no,no,,,,,,,,,,,,,,,,,,,,,,,,,,,,,,,,,,
wxwo-yffa-vsym,276636,,publish,"2019-10-28 21:17:17",1,fixed_cart,20,no,,,,,,1,,,,no,no,,,,,,,,,,,,,,,,,,,,,,,,,,,,,,,,,,
s5xy-ubkr-qu54,276637,,publish,"2019-10-28 21:17:17",1,fixed_cart,20,no,,,,,,1,,,,no,no,,,,,,,,,,,,,,,,,,,,,,,,,,,,,,,,,,
cckt-s6hx-bn2t,276638,,publish,"2019-10-28 21:17:17",1,fixed_cart,20,no,,,,,,1,,,,no,no,,,,,,,,,,,,,,,,,,,,,,,,,,,,,,,,,,
q4ly-zhwn-qnq3,276639,,publish,"2019-10-28 21:17:17",1,fixed_cart,20,no,,,,,,1,,,,no,no,,,,,,,,,,,,,,,,,,,,,,,,,,,,,,,,,,
bmry-xaxf-0hci,276640,,publish,"2019-10-28 21:17:17",1,fixed_cart,20,no,,,,,,1,,,,no,no,,,,,,,,,,,,,,,,,,,,,,,,,,,,,,,,,,
tsyu-me3b-tgzq,276641,,publish,"2019-10-28 21:17:17",1,fixed_cart,20,no,,,,,,1,,,,no,no,,,,,,,,,,,,,,,,,,,,,,,,,,,,,,,,,,
2jso-yyki-qyer,276642,,publish,"2019-10-28 21:17:17",1,fixed_cart,20,no,,,,,,1,,,,no,no,,,,,,,,,,,,,,,,,,,,,,,,,,,,,,,,,,
ruc8-dvdt-k057,276643,,publish,"2019-10-28 21:17:17",1,fixed_cart,20,no,,,,,,1,,,,no,no,,,,,,,,,,,,,,,,,,,,,,,,,,,,,,,,,,
f7yi-t8q7-5m2c,276644,,publish,"2019-10-28 21:17:17",1,fixed_cart,20,no,,,,,,1,,,,no,no,,,,,,,,,,,,,,,,,,,,,,,,,,,,,,,,,,
urqt-hins-rrxg,276645,,publish,"2019-10-28 21:17:17",1,fixed_cart,20,no,,,,,,1,,,,no,no,,,,,,,,,,,,,,,,,,,,,,,,,,,,,,,,,,
1zfm-byt8-tmh4,276646,,publish,"2019-10-28 21:17:17",1,fixed_cart,20,no,,,,,,1,,,,no,no,,,,,,,,,,,,,,,,,,,,,,,,,,,,,,,,,,
mt89-xto6-oqxi,276647,,publish,"2019-10-28 21:17:17",1,fixed_cart,20,no,,,,,,1,,,,no,no,,,,,,,,,,,,,,,,,,,,,,,,,,,,,,,,,,
utvr-dzjy-p9zk,276648,,publish,"2019-10-28 21:17:17",1,fixed_cart,20,no,,,,,,1,,,,no,no,,,,,,,,,,,,,,,,,,,,,,,,,,,,,,,,,,
kwx9-sejq-wgnf,276649,,publish,"2019-10-28 21:17:17",1,fixed_cart,20,no,,,,,,1,,,,no,no,,,,,,,,,,,,,,,,,,,,,,,,,,,,,,,,,,
ojcp-pfmb-x9hw,276650,,publish,"2019-10-28 21:17:17",1,fixed_cart,20,no,,,,,,1,,,,no,no,,,,,,,,,,,,,,,,,,,,,,,,,,,,,,,,,,
6w2x-0ogh-fzkp,276651,,publish,"2019-10-28 21:17:17",1,fixed_cart,20,no,,,,,,1,,,,no,no,,,,,,,,,,,,,,,,,,,,,,,,,,,,,,,,,,
w7ac-kig2-fjf3,276652,,publish,"2019-10-28 21:17:17",1,fixed_cart,20,no,,,,,,1,,,,no,no,,,,,,,,,,,,,,,,,,,,,,,,,,,,,,,,,,
r8ys-ossy-ujb1,276653,,publish,"2019-10-28 21:17:17",1,fixed_cart,20,no,,,,,,1,,,,no,no,,,,,,,,,,,,,,,,,,,,,,,,,,,,,,,,,,
ynrx-kh9m-jen1,276654,,publish,"2019-10-28 21:17:17",1,fixed_cart,20,no,,,,,,1,,,,no,no,,,,,,,,,,,,,,,,,,,,,,,,,,,,,,,,,,
oqg1-krbc-uf1y,276655,,publish,"2019-10-28 21:17:17",1,fixed_cart,20,no,,,,,,1,,,,no,no,,,,,,,,,,,,,,,,,,,,,,,,,,,,,,,,,,
wslk-cys9-hkig,276656,,publish,"2019-10-28 21:17:17",1,fixed_cart,20,no,,,,,,1,,,,no,no,,,,,,,,,,,,,,,,,,,,,,,,,,,,,,,,,,
2bfq-bvr8-ukmp,276657,,publish,"2019-10-28 21:17:17",1,fixed_cart,20,no,,,,,,1,,,,no,no,,,,,,,,,,,,,,,,,,,,,,,,,,,,,,,,,,
ycqu-9rwz-5f2g,276658,,publish,"2019-10-28 21:17:17",1,fixed_cart,20,no,,,,,,1,,,,no,no,,,,,,,,,,,,,,,,,,,,,,,,,,,,,,,,,,
wdwn-hgac-vgqq,276659,,publish,"2019-10-28 21:17:17",1,fixed_cart,20,no,,,,,,1,,,,no,no,,,,,,,,,,,,,,,,,,,,,,,,,,,,,,,,,,
gus9-7ada-ipn4,276660,,publish,"2019-10-28 21:17:17",1,fixed_cart,20,no,,,,,,1,,,,no,no,,,,,,,,,,,,,,,,,,,,,,,,,,,,,,,,,,
icmx-9wjv-gsbl,276661,,publish,"2019-10-28 21:17:17",1,fixed_cart,20,no,,,,,,1,,,,no,no,,,,,,,,,,,,,,,,,,,,,,,,,,,,,,,,,,
cb07-uzpz-ua9l,276662,,publish,"2019-10-28 21:17:17",1,fixed_cart,20,no,,,,,,1,,,,no,no,,,,,,,,,,,,,,,,,,,,,,,,,,,,,,,,,,
v1bx-9fyn-j0ju,276663,,publish,"2019-10-28 21:17:17",1,fixed_cart,20,no,,,,,,1,,,,no,no,,,,,,,,,,,,,,,,,,,,,,,,,,,,,,,,,,
o88e-vnwq-4vqf,276664,,publish,"2019-10-28 21:17:17",1,fixed_cart,20,no,,,,,,1,,,,no,no,,,,,,,,,,,,,,,,,,,,,,,,,,,,,,,,,,
6urj-lgm9-2yem,276665,,publish,"2019-10-28 21:17:17",1,fixed_cart,20,no,,,,,,1,,,,no,no,,,,,,,,,,,,,,,,,,,,,,,,,,,,,,,,,,
c14x-q198-l9dr,276666,,publish,"2019-10-28 21:17:17",1,fixed_cart,20,no,,,,,,1,,,,no,no,,,,,,,,,,,,,,,,,,,,,,,,,,,,,,,,,,
jolq-ftli-xpwu,276667,,publish,"2019-10-28 21:17:17",1,fixed_cart,20,no,,,,,,1,,,,no,no,,,,,,,,,,,,,,,,,,,,,,,,,,,,,,,,,,
650i-mfag-epxq,276668,,publish,"2019-10-28 21:17:17",1,fixed_cart,20,no,,,,,,1,,,,no,no,,,,,,,,,,,,,,,,,,,,,,,,,,,,,,,,,,
mvuu-rucd-3foq,276669,,publish,"2019-10-28 21:17:17",1,fixed_cart,20,no,,,,,,1,,,,no,no,,,,,,,,,,,,,,,,,,,,,,,,,,,,,,,,,,
eguq-1gkv-wmgd,276670,,publish,"2019-10-28 21:17:17",1,fixed_cart,20,no,,,,,,1,,,,no,no,,,,,,,,,,,,,,,,,,,,,,,,,,,,,,,,,,
09n5-dcjz-hg9h,276671,,publish,"2019-10-28 21:17:17",1,fixed_cart,20,no,,,,,,1,,,,no,no,,,,,,,,,,,,,,,,,,,,,,,,,,,,,,,,,,
bvv2-dj1s-upze,276672,,publish,"2019-10-28 21:17:17",1,fixed_cart,20,no,,,,,,1,,,,no,no,,,,,,,,,,,,,,,,,,,,,,,,,,,,,,,,,,
fphb-hajq-zdfn,276673,,publish,"2019-10-28 21:17:17",1,fixed_cart,20,no,,,,,,1,,,,no,no,,,,,,,,,,,,,,,,,,,,,,,,,,,,,,,,,,
2xet-9dfj-kyzv,276674,,publish,"2019-10-28 21:17:17",1,fixed_cart,20,no,,,,,,1,,,,no,no,,,,,,,,,,,,,,,,,,,,,,,,,,,,,,,,,,
259f-owbp-s2oh,276675,,publish,"2019-10-28 21:17:17",1,fixed_cart,20,no,,,,,,1,,,,no,no,,,,,,,,,,,,,,,,,,,,,,,,,,,,,,,,,,
rbji-1lbf-foei,276676,,publish,"2019-10-28 21:17:17",1,fixed_cart,20,no,,,,,,1,,,,no,no,,,,,,,,,,,,,,,,,,,,,,,,,,,,,,,,,,
4aj5-n7ii-yr7z,276677,,publish,"2019-10-28 21:17:17",1,fixed_cart,20,no,,,,,,1,,,,no,no,,,,,,,,,,,,,,,,,,,,,,,,,,,,,,,,,,
ps6x-omta-tjxe,276678,,publish,"2019-10-28 21:17:17",1,fixed_cart,20,no,,,,,,1,,,,no,no,,,,,,,,,,,,,,,,,,,,,,,,,,,,,,,,,,
qjcx-iryh-v7q2,276679,,publish,"2019-10-28 21:17:17",1,fixed_cart,20,no,,,,,,1,,,,no,no,,,,,,,,,,,,,,,,,,,,,,,,,,,,,,,,,,
yl7r-5q0f-su0w,276680,,publish,"2019-10-28 21:17:17",1,fixed_cart,20,no,,,,,,1,,,,no,no,,,,,,,,,,,,,,,,,,,,,,,,,,,,,,,,,,
kiyf-rqk8-m1q0,276681,,publish,"2019-10-28 21:17:17",1,fixed_cart,20,no,,,,,,1,,,,no,no,,,,,,,,,,,,,,,,,,,,,,,,,,,,,,,,,,
arwj-amtp-diee,276682,,publish,"2019-10-28 21:17:17",1,fixed_cart,20,no,,,,,,1,,,,no,no,,,,,,,,,,,,,,,,,,,,,,,,,,,,,,,,,,
id0v-qafh-augj,276683,,publish,"2019-10-28 21:17:17",1,fixed_cart,20,no,,,,,,1,,,,no,no,,,,,,,,,,,,,,,,,,,,,,,,,,,,,,,,,,
ewob-fbtz-mblq,276684,,publish,"2019-10-28 21:17:17",1,fixed_cart,20,no,,,,,,1,,,,no,no,,,,,,,,,,,,,,,,,,,,,,,,,,,,,,,,,,
7lna-sfe6-bpmm,276685,,publish,"2019-10-28 21:17:17",1,fixed_cart,20,no,,,,,,1,,,,no,no,,,,,,,,,,,,,,,,,,,,,,,,,,,,,,,,,,
u7sq-w6mh-jtcp,276686,,publish,"2019-10-28 21:17:17",1,fixed_cart,20,no,,,,,,1,,,,no,no,,,,,,,,,,,,,,,,,,,,,,,,,,,,,,,,,,
di8j-nikx-cqzz,276687,,publish,"2019-10-28 21:17:17",1,fixed_cart,20,no,,,,,,1,,,,no,no,,,,,,,,,,,,,,,,,,,,,,,,,,,,,,,,,,
2hrh-q9hv-qsoh,276688,,publish,"2019-10-28 21:17:17",1,fixed_cart,20,no,,,,,,1,,,,no,no,,,,,,,,,,,,,,,,,,,,,,,,,,,,,,,,,,
rl5b-kelc-c3dd,276689,,publish,"2019-10-28 21:17:17",1,fixed_cart,20,no,,,,,,1,,,,no,no,,,,,,,,,,,,,,,,,,,,,,,,,,,,,,,,,,
3fla-kfvd-fncf,276690,,publish,"2019-10-28 21:17:17",1,fixed_cart,20,no,,,,,,1,,,,no,no,,,,,,,,,,,,,,,,,,,,,,,,,,,,,,,,,,
uun8-mkfd-pr74,276691,,publish,"2019-10-28 21:17:17",1,fixed_cart,20,no,,,,,,1,,,,no,no,,,,,,,,,,,,,,,,,,,,,,,,,,,,,,,,,,
j4i6-pedi-uoqc,276692,,publish,"2019-10-28 21:17:17",1,fixed_cart,20,no,,,,,,1,,,,no,no,,,,,,,,,,,,,,,,,,,,,,,,,,,,,,,,,,
x4pv-jd0i-m9i5,276693,,publish,"2019-10-28 21:17:17",1,fixed_cart,20,no,,,,,,1,,,,no,no,,,,,,,,,,,,,,,,,,,,,,,,,,,,,,,,,,
tru8-k02u-kgna,276694,,publish,"2019-10-28 21:17:17",1,fixed_cart,20,no,,,,,,1,,,,no,no,,,,,,,,,,,,,,,,,,,,,,,,,,,,,,,,,,
islj-dbgs-home,276695,,publish,"2019-10-28 21:17:17",1,fixed_cart,20,no,,,,,,1,,,,no,no,,,,,,,,,,,,,,,,,,,,,,,,,,,,,,,,,,
hagk-yp6b-ni56,276696,,publish,"2019-10-28 21:17:17",1,fixed_cart,20,no,,,,,,1,,,,no,no,,,,,,,,,,,,,,,,,,,,,,,,,,,,,,,,,,
9g5w-d6dh-e2km,276697,,publish,"2019-10-28 21:17:17",1,fixed_cart,20,no,,,,,,1,,,,no,no,,,,,,,,,,,,,,,,,,,,,,,,,,,,,,,,,,
vw81-ovwo-a6dr,276698,,publish,"2019-10-28 21:17:17",1,fixed_cart,20,no,,,,,,1,,,,no,no,,,,,,,,,,,,,,,,,,,,,,,,,,,,,,,,,,
pjdw-7nnl-yu13,276699,,publish,"2019-10-28 21:17:17",1,fixed_cart,20,no,,,,,,1,,,,no,no,,,,,,,,,,,,,,,,,,,,,,,,,,,,,,,,,,
y1fi-1zum-tzoi,276700,,publish,"2019-10-28 21:17:17",1,fixed_cart,20,no,,,,,,1,,,,no,no,,,,,,,,,,,,,,,,,,,,,,,,,,,,,,,,,,
ntdj-bt7y-xs15,276701,,publish,"2019-10-28 21:17:17",1,fixed_cart,20,no,,,,,,1,,,,no,no,,,,,,,,,,,,,,,,,,,,,,,,,,,,,,,,,,
7j7j-zniu-ucx5,276702,,publish,"2019-10-28 21:17:17",1,fixed_cart,20,no,,,,,,1,,,,no,no,,,,,,,,,,,,,,,,,,,,,,,,,,,,,,,,,,
uuhr-abqv-hv3j,276703,,publish,"2019-10-28 21:17:17",1,fixed_cart,20,no,,,,,,1,,,,no,no,,,,,,,,,,,,,,,,,,,,,,,,,,,,,,,,,,
zzeg-ur8l-qdg4,276704,,publish,"2019-10-28 21:17:17",1,fixed_cart,20,no,,,,,,1,,,,no,no,,,,,,,,,,,,,,,,,,,,,,,,,,,,,,,,,,
wg6i-gcc8-hxee,276705,,publish,"2019-10-28 21:17:17",1,fixed_cart,20,no,,,,,,1,,,,no,no,,,,,,,,,,,,,,,,,,,,,,,,,,,,,,,,,,
ge1h-lejm-jasx,276706,,publish,"2019-10-28 21:17:17",1,fixed_cart,20,no,,,,,,1,,,,no,no,,,,,,,,,,,,,,,,,,,,,,,,,,,,,,,,,,
ievk-yt6f-m9ln,276707,,publish,"2019-10-28 21:17:17",1,fixed_cart,20,no,,,,,,1,,,,no,no,,,,,,,,,,,,,,,,,,,,,,,,,,,,,,,,,,
sb0m-hxe5-hxuy,276708,,publish,"2019-10-28 21:17:17",1,fixed_cart,20,no,,,,,,1,,,,no,no,,,,,,,,,,,,,,,,,,,,,,,,,,,,,,,,,,
xsdt-resr-38k1,276709,,publish,"2019-10-28 21:17:17",1,fixed_cart,20,no,,,,,,1,,,,no,no,,,,,,,,,,,,,,,,,,,,,,,,,,,,,,,,,,
lg1g-qmzr-umeg,276710,,publish,"2019-10-28 21:17:17",1,fixed_cart,20,no,,,,,,1,,,,no,no,,,,,,,,,,,,,,,,,,,,,,,,,,,,,,,,,,
rtib-3ukx-fiek,276711,,publish,"2019-10-28 21:17:17",1,fixed_cart,20,no,,,,,,1,,,,no,no,,,,,,,,,,,,,,,,,,,,,,,,,,,,,,,,,,
rbj7-rsay-j00y,276712,,publish,"2019-10-28 21:17:17",1,fixed_cart,20,no,,,,,,1,,,,no,no,,,,,,,,,,,,,,,,,,,,,,,,,,,,,,,,,,
r2o8-rjgm-zrf6,276713,,publish,"2019-10-28 21:17:17",1,fixed_cart,20,no,,,,,,1,,,,no,no,,,,,,,,,,,,,,,,,,,,,,,,,,,,,,,,,,
mrpq-5x85-gzj6,276714,,publish,"2019-10-28 21:17:17",1,fixed_cart,20,no,,,,,,1,,,,no,no,,,,,,,,,,,,,,,,,,,,,,,,,,,,,,,,,,
n8nx-sucn-3msx,276715,,publish,"2019-10-28 21:17:17",1,fixed_cart,20,no,,,,,,1,,,,no,no,,,,,,,,,,,,,,,,,,,,,,,,,,,,,,,,,,
1baq-m4ud-8a1a,276716,,publish,"2019-10-28 21:17:17",1,fixed_cart,20,no,,,,,,1,,,,no,no,,,,,,,,,,,,,,,,,,,,,,,,,,,,,,,,,,
rjnn-gxrx-ld7g,276717,,publish,"2019-10-28 21:17:17",1,fixed_cart,20,no,,,,,,1,,,,no,no,,,,,,,,,,,,,,,,,,,,,,,,,,,,,,,,,,
9zem-igli-2b7f,276718,,publish,"2019-10-28 21:17:17",1,fixed_cart,20,no,,,,,,1,,,,no,no,,,,,,,,,,,,,,,,,,,,,,,,,,,,,,,,,,
3sad-yqie-oaui,276719,,publish,"2019-10-28 21:17:17",1,fixed_cart,20,no,,,,,,1,,,,no,no,,,,,,,,,,,,,,,,,,,,,,,,,,,,,,,,,,
oqt2-5dhu-fqpq,276720,,publish,"2019-10-28 21:17:17",1,fixed_cart,20,no,,,,,,1,,,,no,no,,,,,,,,,,,,,,,,,,,,,,,,,,,,,,,,,,
y5zc-xgdt-sfqe,276721,,publish,"2019-10-28 21:17:17",1,fixed_cart,20,no,,,,,,1,,,,no,no,,,,,,,,,,,,,,,,,,,,,,,,,,,,,,,,,,
lw5g-o3rl-no03,276722,,publish,"2019-10-28 21:17:17",1,fixed_cart,20,no,,,,,,1,,,,no,no,,,,,,,,,,,,,,,,,,,,,,,,,,,,,,,,,,
ie7b-fkgp-ezah,276723,,publish,"2019-10-28 21:17:17",1,fixed_cart,20,no,,,,,,1,,,,no,no,,,,,,,,,,,,,,,,,,,,,,,,,,,,,,,,,,
hjog-4n8i-bhbs,276724,,publish,"2019-10-28 21:17:17",1,fixed_cart,20,no,,,,,,1,,,,no,no,,,,,,,,,,,,,,,,,,,,,,,,,,,,,,,,,,
jt91-fyxd-pawk,276725,,publish,"2019-10-28 21:17:17",1,fixed_cart,20,no,,,,,,1,,,,no,no,,,,,,,,,,,,,,,,,,,,,,,,,,,,,,,,,,
oncf-a9gc-4jrz,276726,,publish,"2019-10-28 21:17:17",1,fixed_cart,20,no,,,,,,1,,,,no,no,,,,,,,,,,,,,,,,,,,,,,,,,,,,,,,,,,
lsd3-acta-vydc,276727,,publish,"2019-10-28 21:17:17",1,fixed_cart,20,no,,,,,,1,,,,no,no,,,,,,,,,,,,,,,,,,,,,,,,,,,,,,,,,,
xale-olq0-pqbp,276728,,publish,"2019-10-28 21:17:17",1,fixed_cart,20,no,,,,,,1,,,,no,no,,,,,,,,,,,,,,,,,,,,,,,,,,,,,,,,,,
eg5b-1kbr-4dlm,276729,,publish,"2019-10-28 21:17:17",1,fixed_cart,20,no,,,,,,1,,,,no,no,,,,,,,,,,,,,,,,,,,,,,,,,,,,,,,,,,
kypn-rn3p-7rin,276730,,publish,"2019-10-28 21:17:17",1,fixed_cart,20,no,,,,,,1,,,,no,no,,,,,,,,,,,,,,,,,,,,,,,,,,,,,,,,,,
n7gs-gcki-xr0h,276731,,publish,"2019-10-28 21:17:17",1,fixed_cart,20,no,,,,,,1,,,,no,no,,,,,,,,,,,,,,,,,,,,,,,,,,,,,,,,,,
ed1e-jgqb-qbpy,276732,,publish,"2019-10-28 21:17:17",1,fixed_cart,20,no,,,,,,1,,,,no,no,,,,,,,,,,,,,,,,,,,,,,,,,,,,,,,,,,
6mcn-utqu-mfd4,276733,,publish,"2019-10-28 21:17:17",1,fixed_cart,20,no,,,,,,1,,,,no,no,,,,,,,,,,,,,,,,,,,,,,,,,,,,,,,,,,
bquu-qvux-wcwh,276734,,publish,"2019-10-28 21:17:17",1,fixed_cart,20,no,,,,,,1,,,,no,no,,,,,,,,,,,,,,,,,,,,,,,,,,,,,,,,,,
5e4g-2zmn-7ey8,276735,,publish,"2019-10-28 21:17:17",1,fixed_cart,20,no,,,,,,1,,,,no,no,,,,,,,,,,,,,,,,,,,,,,,,,,,,,,,,,,
j7f9-ghka-mn7r,276736,,publish,"2019-10-28 21:17:17",1,fixed_cart,20,no,,,,,,1,,,,no,no,,,,,,,,,,,,,,,,,,,,,,,,,,,,,,,,,,
ykcc-dgyx-wkmf,276737,,publish,"2019-10-28 21:17:17",1,fixed_cart,20,no,,,,,,1,,,,no,no,,,,,,,,,,,,,,,,,,,,,,,,,,,,,,,,,,
vxvj-sbxk-iofb,276738,,publish,"2019-10-28 21:17:17",1,fixed_cart,20,no,,,,,,1,,,,no,no,,,,,,,,,,,,,,,,,,,,,,,,,,,,,,,,,,
44as-d59o-en0u,276739,,publish,"2019-10-28 21:17:17",1,fixed_cart,20,no,,,,,,1,,,,no,no,,,,,,,,,,,,,,,,,,,,,,,,,,,,,,,,,,
zbdm-vsfl-vhfh,276740,,publish,"2019-10-28 21:17:17",1,fixed_cart,20,no,,,,,,1,,,,no,no,,,,,,,,,,,,,,,,,,,,,,,,,,,,,,,,,,
xrqv-nyep-lfj5,276741,,publish,"2019-10-28 21:17:17",1,fixed_cart,20,no,,,,,,1,,,,no,no,,,,,,,,,,,,,,,,,,,,,,,,,,,,,,,,,,
batq-gl2r-gcgi,276742,,publish,"2019-10-28 21:17:17",1,fixed_cart,20,no,,,,,,1,,,,no,no,,,,,,,,,,,,,,,,,,,,,,,,,,,,,,,,,,
hf3m-mslf-wvyn,276743,,publish,"2019-10-28 21:17:17",1,fixed_cart,20,no,,,,,,1,,,,no,no,,,,,,,,,,,,,,,,,,,,,,,,,,,,,,,,,,
l5l5-wbmm-0gim,276744,,publish,"2019-10-28 21:17:17",1,fixed_cart,20,no,,,,,,1,,,,no,no,,,,,,,,,,,,,,,,,,,,,,,,,,,,,,,,,,
hidj-ehdo-jt49,276745,,publish,"2019-10-28 21:17:17",1,fixed_cart,20,no,,,,,,1,,,,no,no,,,,,,,,,,,,,,,,,,,,,,,,,,,,,,,,,,
ntv1-dhiy-vehm,276746,,publish,"2019-10-28 21:17:17",1,fixed_cart,20,no,,,,,,1,,,,no,no,,,,,,,,,,,,,,,,,,,,,,,,,,,,,,,,,,
csry-imw0-wdoh,276747,,publish,"2019-10-28 21:17:17",1,fixed_cart,20,no,,,,,,1,,,,no,no,,,,,,,,,,,,,,,,,,,,,,,,,,,,,,,,,,
83c9-3vhf-lxga,276748,,publish,"2019-10-28 21:17:17",1,fixed_cart,20,no,,,,,,1,,,,no,no,,,,,,,,,,,,,,,,,,,,,,,,,,,,,,,,,,
8xat-pj2b-o4pc,276749,,publish,"2019-10-28 21:17:17",1,fixed_cart,20,no,,,,,,1,,,,no,no,,,,,,,,,,,,,,,,,,,,,,,,,,,,,,,,,,
ytbh-mmjq-t81n,276750,,publish,"2019-10-28 21:17:17",1,fixed_cart,20,no,,,,,,1,,,,no,no,,,,,,,,,,,,,,,,,,,,,,,,,,,,,,,,,,
4njy-a076-fwp7,276751,,publish,"2019-10-28 21:17:17",1,fixed_cart,20,no,,,,,,1,,,,no,no,,,,,,,,,,,,,,,,,,,,,,,,,,,,,,,,,,
i0ge-ktnp-ehxp,276752,,publish,"2019-10-28 21:17:17",1,fixed_cart,20,no,,,,,,1,,,,no,no,,,,,,,,,,,,,,,,,,,,,,,,,,,,,,,,,,
bpdp-uwsg-sy8i,276753,,publish,"2019-10-28 21:17:17",1,fixed_cart,20,no,,,,,,1,,,,no,no,,,,,,,,,,,,,,,,,,,,,,,,,,,,,,,,,,
utdl-xx1x-dwgi,276754,,publish,"2019-10-28 21:17:17",1,fixed_cart,20,no,,,,,,1,,,,no,no,,,,,,,,,,,,,,,,,,,,,,,,,,,,,,,,,,
n3xi-3mtr-nggj,276755,,publish,"2019-10-28 21:17:17",1,fixed_cart,20,no,,,,,,1,,,,no,no,,,,,,,,,,,,,,,,,,,,,,,,,,,,,,,,,,
zgkr-zwyy-lts3,276756,,publish,"2019-10-28 21:17:17",1,fixed_cart,20,no,,,,,,1,,,,no,no,,,,,,,,,,,,,,,,,,,,,,,,,,,,,,,,,,
e7vs-fope-mmfe,276757,,publish,"2019-10-28 21:17:17",1,fixed_cart,20,no,,,,,,1,,,,no,no,,,,,,,,,,,,,,,,,,,,,,,,,,,,,,,,,,
xzgw-t2q2-ewuq,276758,,publish,"2019-10-28 21:17:17",1,fixed_cart,20,no,,,,,,1,,,,no,no,,,,,,,,,,,,,,,,,,,,,,,,,,,,,,,,,,
9cjr-yvr4-kxo3,276759,,publish,"2019-10-28 21:17:17",1,fixed_cart,20,no,,,,,,1,,,,no,no,,,,,,,,,,,,,,,,,,,,,,,,,,,,,,,,,,
h3dc-cgdb-qhv9,276760,,publish,"2019-10-28 21:17:17",1,fixed_cart,20,no,,,,,,1,,,,no,no,,,,,,,,,,,,,,,,,,,,,,,,,,,,,,,,,,
w6qv-f3hu-wxsy,276761,,publish,"2019-10-28 21:17:17",1,fixed_cart,20,no,,,,,,1,,,,no,no,,,,,,,,,,,,,,,,,,,,,,,,,,,,,,,,,,
dpf9-wmgx-cxeg,276762,,publish,"2019-10-28 21:17:17",1,fixed_cart,20,no,,,,,,1,,,,no,no,,,,,,,,,,,,,,,,,,,,,,,,,,,,,,,,,,
gnce-se4j-1ulr,276763,,publish,"2019-10-28 21:17:17",1,fixed_cart,20,no,,,,,,1,,,,no,no,,,,,,,,,,,,,,,,,,,,,,,,,,,,,,,,,,
bhay-v5rh-fsq1,276764,,publish,"2019-10-28 21:17:17",1,fixed_cart,20,no,,,,,,1,,,,no,no,,,,,,,,,,,,,,,,,,,,,,,,,,,,,,,,,,
ua4r-8wid-mllm,276765,,publish,"2019-10-28 21:17:17",1,fixed_cart,20,no,,,,,,1,,,,no,no,,,,,,,,,,,,,,,,,,,,,,,,,,,,,,,,,,
tzaz-96lz-lgo5,276766,,publish,"2019-10-28 21:17:17",1,fixed_cart,20,no,,,,,,1,,,,no,no,,,,,,,,,,,,,,,,,,,,,,,,,,,,,,,,,,
vdku-dkwu-f8lh,276767,,publish,"2019-10-28 21:17:17",1,fixed_cart,20,no,,,,,,1,,,,no,no,,,,,,,,,,,,,,,,,,,,,,,,,,,,,,,,,,
bbaq-lt6j-cfes,276768,,publish,"2019-10-28 21:17:17",1,fixed_cart,20,no,,,,,,1,,,,no,no,,,,,,,,,,,,,,,,,,,,,,,,,,,,,,,,,,
2kqt-qxof-yns0,276769,,publish,"2019-10-28 21:17:17",1,fixed_cart,20,no,,,,,,1,,,,no,no,,,,,,,,,,,,,,,,,,,,,,,,,,,,,,,,,,
xgtr-yso6-zy4u,276770,,publish,"2019-10-28 21:17:17",1,fixed_cart,20,no,,,,,,1,,,,no,no,,,,,,,,,,,,,,,,,,,,,,,,,,,,,,,,,,
knw0-fnqp-fkf5,276771,,publish,"2019-10-28 21:17:17",1,fixed_cart,20,no,,,,,,1,,,,no,no,,,,,,,,,,,,,,,,,,,,,,,,,,,,,,,,,,
z76g-ovcl-wbku,276772,,publish,"2019-10-28 21:17:17",1,fixed_cart,20,no,,,,,,1,,,,no,no,,,,,,,,,,,,,,,,,,,,,,,,,,,,,,,,,,
2dfo-y5w9-1ms1,276773,,publish,"2019-10-28 21:17:17",1,fixed_cart,20,no,,,,,,1,,,,no,no,,,,,,,,,,,,,,,,,,,,,,,,,,,,,,,,,,
vaul-84ov-rssp,276774,,publish,"2019-10-28 21:17:17",1,fixed_cart,20,no,,,,,,1,,,,no,no,,,,,,,,,,,,,,,,,,,,,,,,,,,,,,,,,,
jvii-c0d1-gqae,276775,,publish,"2019-10-28 21:17:17",1,fixed_cart,20,no,,,,,,1,,,,no,no,,,,,,,,,,,,,,,,,,,,,,,,,,,,,,,,,,
oip9-w7kb-t2ga,276776,,publish,"2019-10-28 21:17:17",1,fixed_cart,20,no,,,,,,1,,,,no,no,,,,,,,,,,,,,,,,,,,,,,,,,,,,,,,,,,
5kmi-vkha-rijt,276777,,publish,"2019-10-28 21:17:17",1,fixed_cart,20,no,,,,,,1,,,,no,no,,,,,,,,,,,,,,,,,,,,,,,,,,,,,,,,,,
l6h9-ds7k-doeb,276778,,publish,"2019-10-28 21:17:17",1,fixed_cart,20,no,,,,,,1,,,,no,no,,,,,,,,,,,,,,,,,,,,,,,,,,,,,,,,,,
3zue-z1lg-etzt,276779,,publish,"2019-10-28 21:17:17",1,fixed_cart,20,no,,,,,,1,,,,no,no,,,,,,,,,,,,,,,,,,,,,,,,,,,,,,,,,,
gzro-jgaa-tmgp,276780,,publish,"2019-10-28 21:17:17",1,fixed_cart,20,no,,,,,,1,,,,no,no,,,,,,,,,,,,,,,,,,,,,,,,,,,,,,,,,,
ttjc-iahx-ydbw,276781,,publish,"2019-10-28 21:17:17",1,fixed_cart,20,no,,,,,,1,,,,no,no,,,,,,,,,,,,,,,,,,,,,,,,,,,,,,,,,,
o7r7-iusl-a1ti,276782,,publish,"2019-10-28 21:17:17",1,fixed_cart,20,no,,,,,,1,,,,no,no,,,,,,,,,,,,,,,,,,,,,,,,,,,,,,,,,,
wpmn-lotd-ae9l,276783,,publish,"2019-10-28 21:17:17",1,fixed_cart,20,no,,,,,,1,,,,no,no,,,,,,,,,,,,,,,,,,,,,,,,,,,,,,,,,,
hh4y-805z-mnsr,276784,,publish,"2019-10-28 21:17:17",1,fixed_cart,20,no,,,,,,1,,,,no,no,,,,,,,,,,,,,,,,,,,,,,,,,,,,,,,,,,
no15-2nxl-pmvp,276785,,publish,"2019-10-28 21:17:17",1,fixed_cart,20,no,,,,,,1,,,,no,no,,,,,,,,,,,,,,,,,,,,,,,,,,,,,,,,,,
btym-nr3q-raba,276786,,publish,"2019-10-28 21:17:17",1,fixed_cart,20,no,,,,,,1,,,,no,no,,,,,,,,,,,,,,,,,,,,,,,,,,,,,,,,,,
vkgz-e7vu-0h65,276787,,publish,"2019-10-28 21:17:17",1,fixed_cart,20,no,,,,,,1,,,,no,no,,,,,,,,,,,,,,,,,,,,,,,,,,,,,,,,,,
c08i-8uoe-16jy,276788,,publish,"2019-10-28 21:17:17",1,fixed_cart,20,no,,,,,,1,,,,no,no,,,,,,,,,,,,,,,,,,,,,,,,,,,,,,,,,,
h367-zsho-awlr,276789,,publish,"2019-10-28 21:17:17",1,fixed_cart,20,no,,,,,,1,,,,no,no,,,,,,,,,,,,,,,,,,,,,,,,,,,,,,,,,,
zggh-ieix-xstq,276790,,publish,"2019-10-28 21:17:17",1,fixed_cart,20,no,,,,,,1,,,,no,no,,,,,,,,,,,,,,,,,,,,,,,,,,,,,,,,,,
yl6p-uzdg-8v9b,276791,,publish,"2019-10-28 21:17:17",1,fixed_cart,20,no,,,,,,1,,,,no,no,,,,,,,,,,,,,,,,,,,,,,,,,,,,,,,,,,
okog-zfdq-qe9f,276792,,publish,"2019-10-28 21:17:17",1,fixed_cart,20,no,,,,,,1,,,,no,no,,,,,,,,,,,,,,,,,,,,,,,,,,,,,,,,,,
jlbz-tdrm-oxqb,276793,,publish,"2019-10-28 21:17:17",1,fixed_cart,20,no,,,,,,1,,,,no,no,,,,,,,,,,,,,,,,,,,,,,,,,,,,,,,,,,
7qcm-n21t-vmgm,276794,,publish,"2019-10-28 21:17:17",1,fixed_cart,20,no,,,,,,1,,,,no,no,,,,,,,,,,,,,,,,,,,,,,,,,,,,,,,,,,
lljw-oafg-70dx,276795,,publish,"2019-10-28 21:17:17",1,fixed_cart,20,no,,,,,,1,,,,no,no,,,,,,,,,,,,,,,,,,,,,,,,,,,,,,,,,,
4bie-s8or-e9sa,276796,,publish,"2019-10-28 21:17:17",1,fixed_cart,20,no,,,,,,1,,,,no,no,,,,,,,,,,,,,,,,,,,,,,,,,,,,,,,,,,
muz6-qjr1-zwer,276797,,publish,"2019-10-28 21:17:17",1,fixed_cart,20,no,,,,,,1,,,,no,no,,,,,,,,,,,,,,,,,,,,,,,,,,,,,,,,,,
o6ap-zqib-bn5p,276798,,publish,"2019-10-28 21:17:17",1,fixed_cart,20,no,,,,,,1,,,,no,no,,,,,,,,,,,,,,,,,,,,,,,,,,,,,,,,,,
wf2x-cbx1-5idf,276799,,publish,"2019-10-28 21:17:17",1,fixed_cart,20,no,,,,,,1,,,,no,no,,,,,,,,,,,,,,,,,,,,,,,,,,,,,,,,,,
kzsa-v5y7-8ptd,276800,,publish,"2019-10-28 21:17:17",1,fixed_cart,20,no,,,,,,1,,,,no,no,,,,,,,,,,,,,,,,,,,,,,,,,,,,,,,,,,
vovx-vkzj-yvzh,276801,,publish,"2019-10-28 21:17:17",1,fixed_cart,20,no,,,,,,1,,,,no,no,,,,,,,,,,,,,,,,,,,,,,,,,,,,,,,,,,
oak0-4ksc-5thr,276802,,publish,"2019-10-28 21:17:17",1,fixed_cart,20,no,,,,,,1,,,,no,no,,,,,,,,,,,,,,,,,,,,,,,,,,,,,,,,,,
u60r-vdoq-44sa,276803,,publish,"2019-10-28 21:17:17",1,fixed_cart,20,no,,,,,,1,,,,no,no,,,,,,,,,,,,,,,,,,,,,,,,,,,,,,,,,,
gwie-za0l-28wq,276804,,publish,"2019-10-28 21:17:17",1,fixed_cart,20,no,,,,,,1,,,,no,no,,,,,,,,,,,,,,,,,,,,,,,,,,,,,,,,,,
bez3-cpas-57ut,276805,,publish,"2019-10-28 21:17:17",1,fixed_cart,20,no,,,,,,1,,,,no,no,,,,,,,,,,,,,,,,,,,,,,,,,,,,,,,,,,
nn4m-p9hk-kwst,276806,,publish,"2019-10-28 21:17:17",1,fixed_cart,20,no,,,,,,1,,,,no,no,,,,,,,,,,,,,,,,,,,,,,,,,,,,,,,,,,
d7m8-uqbn-hsu2,276807,,publish,"2019-10-28 21:17:17",1,fixed_cart,20,no,,,,,,1,,,,no,no,,,,,,,,,,,,,,,,,,,,,,,,,,,,,,,,,,
nwxx-l4he-elvz,276808,,publish,"2019-10-28 21:17:17",1,fixed_cart,20,no,,,,,,1,,,,no,no,,,,,,,,,,,,,,,,,,,,,,,,,,,,,,,,,,
apeb-wsm2-x0xf,276809,,publish,"2019-10-28 21:17:17",1,fixed_cart,20,no,,,,,,1,,,,no,no,,,,,,,,,,,,,,,,,,,,,,,,,,,,,,,,,,
52cg-c4mi-pezy,276810,,publish,"2019-10-28 21:17:17",1,fixed_cart,20,no,,,,,,1,,,,no,no,,,,,,,,,,,,,,,,,,,,,,,,,,,,,,,,,,
13s6-br0p-k6ux,276811,,publish,"2019-10-28 21:17:17",1,fixed_cart,20,no,,,,,,1,,,,no,no,,,,,,,,,,,,,,,,,,,,,,,,,,,,,,,,,,
bkl6-eqfx-k8iy,276812,,publish,"2019-10-28 21:17:17",1,fixed_cart,20,no,,,,,,1,,,,no,no,,,,,,,,,,,,,,,,,,,,,,,,,,,,,,,,,,
dzh7-flud-49um,276813,,publish,"2019-10-28 21:17:17",1,fixed_cart,20,no,,,,,,1,,,,no,no,,,,,,,,,,,,,,,,,,,,,,,,,,,,,,,,,,
xw6h-s5s3-6ehl,276814,,publish,"2019-10-28 21:17:17",1,fixed_cart,20,no,,,,,,1,,,,no,no,,,,,,,,,,,,,,,,,,,,,,,,,,,,,,,,,,
vzm8-cd31-g7ug,276815,,publish,"2019-10-28 21:17:17",1,fixed_cart,20,no,,,,,,1,,,,no,no,,,,,,,,,,,,,,,,,,,,,,,,,,,,,,,,,,
chz2-wop1-tdw2,276816,,publish,"2019-10-28 21:17:17",1,fixed_cart,20,no,,,,,,1,,,,no,no,,,,,,,,,,,,,,,,,,,,,,,,,,,,,,,,,,
5gme-ndkv-tecp,276817,,publish,"2019-10-28 21:17:17",1,fixed_cart,20,no,,,,,,1,,,,no,no,,,,,,,,,,,,,,,,,,,,,,,,,,,,,,,,,,
nwpt-mqg6-5tcf,276818,,publish,"2019-10-28 21:17:17",1,fixed_cart,20,no,,,,,,1,,,,no,no,,,,,,,,,,,,,,,,,,,,,,,,,,,,,,,,,,
pyrv-nbig-7vlc,276819,,publish,"2019-10-28 21:17:17",1,fixed_cart,20,no,,,,,,1,,,,no,no,,,,,,,,,,,,,,,,,,,,,,,,,,,,,,,,,,
0ite-1id3-0ocw,276820,,publish,"2019-10-28 21:17:17",1,fixed_cart,20,no,,,,,,1,,,,no,no,,,,,,,,,,,,,,,,,,,,,,,,,,,,,,,,,,
l2aw-t4mq-mq4o,276821,,publish,"2019-10-28 21:17:17",1,fixed_cart,20,no,,,,,,1,,,,no,no,,,,,,,,,,,,,,,,,,,,,,,,,,,,,,,,,,
1fsp-ugza-sp8c,276822,,publish,"2019-10-28 21:17:17",1,fixed_cart,20,no,,,,,,1,,,,no,no,,,,,,,,,,,,,,,,,,,,,,,,,,,,,,,,,,
4mqf-pplm-ogyg,276823,,publish,"2019-10-28 21:17:17",1,fixed_cart,20,no,,,,,,1,,,,no,no,,,,,,,,,,,,,,,,,,,,,,,,,,,,,,,,,,
qid1-wrxx-ifcy,276824,,publish,"2019-10-28 21:17:17",1,fixed_cart,20,no,,,,,,1,,,,no,no,,,,,,,,,,,,,,,,,,,,,,,,,,,,,,,,,,
bymp-nily-xqvi,276825,,publish,"2019-10-28 21:17:17",1,fixed_cart,20,no,,,,,,1,,,,no,no,,,,,,,,,,,,,,,,,,,,,,,,,,,,,,,,,,
gimm-6vxq-knjl,276826,,publish,"2019-10-28 21:17:17",1,fixed_cart,20,no,,,,,,1,,,,no,no,,,,,,,,,,,,,,,,,,,,,,,,,,,,,,,,,,
34nw-9plj-2bxd,276827,,publish,"2019-10-28 21:17:17",1,fixed_cart,20,no,,,,,,1,,,,no,no,,,,,,,,,,,,,,,,,,,,,,,,,,,,,,,,,,
9a9e-cpxb-pfbb,276828,,publish,"2019-10-28 21:17:17",1,fixed_cart,20,no,,,,,,1,,,,no,no,,,,,,,,,,,,,,,,,,,,,,,,,,,,,,,,,,
qplc-qiis-tth9,276829,,publish,"2019-10-28 21:17:17",1,fixed_cart,20,no,,,,,,1,,,,no,no,,,,,,,,,,,,,,,,,,,,,,,,,,,,,,,,,,
uu1m-1oyz-wune,276830,,publish,"2019-10-28 21:17:17",1,fixed_cart,20,no,,,,,,1,,,,no,no,,,,,,,,,,,,,,,,,,,,,,,,,,,,,,,,,,
vx7n-iu7s-fxxk,276831,,publish,"2019-10-28 21:17:17",1,fixed_cart,20,no,,,,,,1,,,,no,no,,,,,,,,,,,,,,,,,,,,,,,,,,,,,,,,,,
igwh-cuks-abrl,276832,,publish,"2019-10-28 21:17:17",1,fixed_cart,20,no,,,,,,1,,,,no,no,,,,,,,,,,,,,,,,,,,,,,,,,,,,,,,,,,
gqwo-diic-qrw0,276833,,publish,"2019-10-28 21:17:17",1,fixed_cart,20,no,,,,,,1,,,,no,no,,,,,,,,,,,,,,,,,,,,,,,,,,,,,,,,,,
b4xq-tbby-qid8,276834,,publish,"2019-10-28 21:17:17",1,fixed_cart,20,no,,,,,,1,,,,no,no,,,,,,,,,,,,,,,,,,,,,,,,,,,,,,,,,,
1alq-nyw5-94lq,276835,,publish,"2019-10-28 21:17:17",1,fixed_cart,20,no,,,,,,1,,,,no,no,,,,,,,,,,,,,,,,,,,,,,,,,,,,,,,,,,
rklz-vnh3-xana,276836,,publish,"2019-10-28 21:17:17",1,fixed_cart,20,no,,,,,,1,,,,no,no,,,,,,,,,,,,,,,,,,,,,,,,,,,,,,,,,,
h6oo-kvie-qnuk,276837,,publish,"2019-10-28 21:17:17",1,fixed_cart,20,no,,,,,,1,,,,no,no,,,,,,,,,,,,,,,,,,,,,,,,,,,,,,,,,,
rk0d-lg3x-chxw,276838,,publish,"2019-10-28 21:17:17",1,fixed_cart,20,no,,,,,,1,,,,no,no,,,,,,,,,,,,,,,,,,,,,,,,,,,,,,,,,,
eqxd-gbzj-os3e,276839,,publish,"2019-10-28 21:17:17",1,fixed_cart,20,no,,,,,,1,,,,no,no,,,,,,,,,,,,,,,,,,,,,,,,,,,,,,,,,,
aqv4-69zh-cjro,276840,,publish,"2019-10-28 21:17:17",1,fixed_cart,20,no,,,,,,1,,,,no,no,,,,,,,,,,,,,,,,,,,,,,,,,,,,,,,,,,
woo4-u7ib-bfat,276841,,publish,"2019-10-28 21:17:17",1,fixed_cart,20,no,,,,,,1,,,,no,no,,,,,,,,,,,,,,,,,,,,,,,,,,,,,,,,,,
adyg-5i4i-oiae,276842,,publish,"2019-10-28 21:17:17",1,fixed_cart,20,no,,,,,,1,,,,no,no,,,,,,,,,,,,,,,,,,,,,,,,,,,,,,,,,,
5zro-rxks-04zs,276843,,publish,"2019-10-28 21:17:17",1,fixed_cart,20,no,,,,,,1,,,,no,no,,,,,,,,,,,,,,,,,,,,,,,,,,,,,,,,,,
mc0u-xftv-4ize,276844,,publish,"2019-10-28 21:17:17",1,fixed_cart,20,no,,,,,,1,,,,no,no,,,,,,,,,,,,,,,,,,,,,,,,,,,,,,,,,,
2nnq-cwpe-wumc,276845,,publish,"2019-10-28 21:17:17",1,fixed_cart,20,no,,,,,,1,,,,no,no,,,,,,,,,,,,,,,,,,,,,,,,,,,,,,,,,,
uine-4xp8-ehut,276846,,publish,"2019-10-28 21:17:17",1,fixed_cart,20,no,,,,,,1,,,,no,no,,,,,,,,,,,,,,,,,,,,,,,,,,,,,,,,,,
wixv-90ne-tdu5,276847,,publish,"2019-10-28 21:17:17",1,fixed_cart,20,no,,,,,,1,,,,no,no,,,,,,,,,,,,,,,,,,,,,,,,,,,,,,,,,,
cdwl-3c9i-snjt,276848,,publish,"2019-10-28 21:17:17",1,fixed_cart,20,no,,,,,,1,,,,no,no,,,,,,,,,,,,,,,,,,,,,,,,,,,,,,,,,,
a1bj-mjka-x5ha,276849,,publish,"2019-10-28 21:17:17",1,fixed_cart,20,no,,,,,,1,,,,no,no,,,,,,,,,,,,,,,,,,,,,,,,,,,,,,,,,,
nzmd-r2r8-tjji,276850,,publish,"2019-10-28 21:17:17",1,fixed_cart,20,no,,,,,,1,,,,no,no,,,,,,,,,,,,,,,,,,,,,,,,,,,,,,,,,,
kk3c-39gu-lmqe,276851,,publish,"2019-10-28 21:17:17",1,fixed_cart,20,no,,,,,,1,,,,no,no,,,,,,,,,,,,,,,,,,,,,,,,,,,,,,,,,,
obms-vrgo-tsso,276852,,publish,"2019-10-28 21:17:17",1,fixed_cart,20,no,,,,,,1,,,,no,no,,,,,,,,,,,,,,,,,,,,,,,,,,,,,,,,,,
irl9-01rq-0ccj,276853,,publish,"2019-10-28 21:17:17",1,fixed_cart,20,no,,,,,,1,,,,no,no,,,,,,,,,,,,,,,,,,,,,,,,,,,,,,,,,,
nx36-ortx-ct44,276854,,publish,"2019-10-28 21:17:17",1,fixed_cart,20,no,,,,,,1,,,,no,no,,,,,,,,,,,,,,,,,,,,,,,,,,,,,,,,,,
q6hn-nvck-p0fx,276855,,publish,"2019-10-28 21:17:17",1,fixed_cart,20,no,,,,,,1,,,,no,no,,,,,,,,,,,,,,,,,,,,,,,,,,,,,,,,,,
thpy-muai-axdc,276856,,publish,"2019-10-28 21:17:17",1,fixed_cart,20,no,,,,,,1,,,,no,no,,,,,,,,,,,,,,,,,,,,,,,,,,,,,,,,,,
oetg-4nfn-za2w,276857,,publish,"2019-10-28 21:17:17",1,fixed_cart,20,no,,,,,,1,,,,no,no,,,,,,,,,,,,,,,,,,,,,,,,,,,,,,,,,,
wbq9-zqpn-q2fh,276858,,publish,"2019-10-28 21:17:17",1,fixed_cart,20,no,,,,,,1,,,,no,no,,,,,,,,,,,,,,,,,,,,,,,,,,,,,,,,,,
1i41-soeq-k9hl,276859,,publish,"2019-10-28 21:17:17",1,fixed_cart,20,no,,,,,,1,,,,no,no,,,,,,,,,,,,,,,,,,,,,,,,,,,,,,,,,,
t4zy-zuxy-rhhv,276860,,publish,"2019-10-28 21:17:17",1,fixed_cart,20,no,,,,,,1,,,,no,no,,,,,,,,,,,,,,,,,,,,,,,,,,,,,,,,,,
csjl-lmib-gdem,276861,,publish,"2019-10-28 21:17:17",1,fixed_cart,20,no,,,,,,1,,,,no,no,,,,,,,,,,,,,,,,,,,,,,,,,,,,,,,,,,
vdeq-glcd-9vb8,276862,,publish,"2019-10-28 21:17:17",1,fixed_cart,20,no,,,,,,1,,,,no,no,,,,,,,,,,,,,,,,,,,,,,,,,,,,,,,,,,
y2ne-injj-ixld,276863,,publish,"2019-10-28 21:17:17",1,fixed_cart,20,no,,,,,,1,,,,no,no,,,,,,,,,,,,,,,,,,,,,,,,,,,,,,,,,,
2ljm-egyh-xgwc,276864,,publish,"2019-10-28 21:17:17",1,fixed_cart,20,no,,,,,,1,,,,no,no,,,,,,,,,,,,,,,,,,,,,,,,,,,,,,,,,,
d6vo-wxoo-jwiv,276865,,publish,"2019-10-28 21:17:17",1,fixed_cart,20,no,,,,,,1,,,,no,no,,,,,,,,,,,,,,,,,,,,,,,,,,,,,,,,,,
12wp-5tiz-vup6,276866,,publish,"2019-10-28 21:17:17",1,fixed_cart,20,no,,,,,,1,,,,no,no,,,,,,,,,,,,,,,,,,,,,,,,,,,,,,,,,,
radi-vrjr-dea5,276867,,publish,"2019-10-28 21:17:17",1,fixed_cart,20,no,,,,,,1,,,,no,no,,,,,,,,,,,,,,,,,,,,,,,,,,,,,,,,,,
pwa2-0a2h-nvpz,276868,,publish,"2019-10-28 21:17:17",1,fixed_cart,20,no,,,,,,1,,,,no,no,,,,,,,,,,,,,,,,,,,,,,,,,,,,,,,,,,
80k8-fcqh-5qty,276869,,publish,"2019-10-28 21:17:17",1,fixed_cart,20,no,,,,,,1,,,,no,no,,,,,,,,,,,,,,,,,,,,,,,,,,,,,,,,,,
2yq2-dplx-gli2,276870,,publish,"2019-10-28 21:17:17",1,fixed_cart,20,no,,,,,,1,,,,no,no,,,,,,,,,,,,,,,,,,,,,,,,,,,,,,,,,,
ztiv-inn2-dnbu,276871,,publish,"2019-10-28 21:17:17",1,fixed_cart,20,no,,,,,,1,,,,no,no,,,,,,,,,,,,,,,,,,,,,,,,,,,,,,,,,,
hykp-qgz7-f2dz,276872,,publish,"2019-10-28 21:17:17",1,fixed_cart,20,no,,,,,,1,,,,no,no,,,,,,,,,,,,,,,,,,,,,,,,,,,,,,,,,,
zuxt-pceg-ysfo,276873,,publish,"2019-10-28 21:17:17",1,fixed_cart,20,no,,,,,,1,,,,no,no,,,,,,,,,,,,,,,,,,,,,,,,,,,,,,,,,,
jmnw-91qy-o18w,276874,,publish,"2019-10-28 21:17:17",1,fixed_cart,20,no,,,,,,1,,,,no,no,,,,,,,,,,,,,,,,,,,,,,,,,,,,,,,,,,
tswa-yz25-miaw,276875,,publish,"2019-10-28 21:17:17",1,fixed_cart,20,no,,,,,,1,,,,no,no,,,,,,,,,,,,,,,,,,,,,,,,,,,,,,,,,,
aumm-zbjc-0g0z,276876,,publish,"2019-10-28 21:17:17",1,fixed_cart,20,no,,,,,,1,,,,no,no,,,,,,,,,,,,,,,,,,,,,,,,,,,,,,,,,,
ytco-yvjl-5rcx,276877,,publish,"2019-10-28 21:17:17",1,fixed_cart,20,no,,,,,,1,,,,no,no,,,,,,,,,,,,,,,,,,,,,,,,,,,,,,,,,,
cabp-ykv9-f6y0,276878,,publish,"2019-10-28 21:17:17",1,fixed_cart,20,no,,,,,,1,,,,no,no,,,,,,,,,,,,,,,,,,,,,,,,,,,,,,,,,,
c7ig-zpzz-w6uy,276879,,publish,"2019-10-28 21:17:17",1,fixed_cart,20,no,,,,,,1,,,,no,no,,,,,,,,,,,,,,,,,,,,,,,,,,,,,,,,,,
occo-aydo-4nt1,276880,,publish,"2019-10-28 21:17:17",1,fixed_cart,20,no,,,,,,1,,,,no,no,,,,,,,,,,,,,,,,,,,,,,,,,,,,,,,,,,
cv18-q8ed-1rfm,276881,,publish,"2019-10-28 21:17:17",1,fixed_cart,20,no,,,,,,1,,,,no,no,,,,,,,,,,,,,,,,,,,,,,,,,,,,,,,,,,
8nby-ypcl-cbxh,276882,,publish,"2019-10-28 21:17:17",1,fixed_cart,20,no,,,,,,1,,,,no,no,,,,,,,,,,,,,,,,,,,,,,,,,,,,,,,,,,
d1tz-nurg-qdfl,276883,,publish,"2019-10-28 21:17:17",1,fixed_cart,20,no,,,,,,1,,,,no,no,,,,,,,,,,,,,,,,,,,,,,,,,,,,,,,,,,
kkut-zho8-mthr,276884,,publish,"2019-10-28 21:17:17",1,fixed_cart,20,no,,,,,,1,,,,no,no,,,,,,,,,,,,,,,,,,,,,,,,,,,,,,,,,,
kuab-yv8i-dx5v,276885,,publish,"2019-10-28 21:17:17",1,fixed_cart,20,no,,,,,,1,,,,no,no,,,,,,,,,,,,,,,,,,,,,,,,,,,,,,,,,,
vpix-whxf-itib,276886,,publish,"2019-10-28 21:17:17",1,fixed_cart,20,no,,,,,,1,,,,no,no,,,,,,,,,,,,,,,,,,,,,,,,,,,,,,,,,,
ecz3-qkgv-absb,276887,,publish,"2019-10-28 21:17:17",1,fixed_cart,20,no,,,,,,1,,,,no,no,,,,,,,,,,,,,,,,,,,,,,,,,,,,,,,,,,
5ktj-hiyg-st5b,276888,,publish,"2019-10-28 21:17:17",1,fixed_cart,20,no,,,,,,1,,,,no,no,,,,,,,,,,,,,,,,,,,,,,,,,,,,,,,,,,
u1yl-pk7f-5tei,276889,,publish,"2019-10-28 21:17:17",1,fixed_cart,20,no,,,,,,1,,,,no,no,,,,,,,,,,,,,,,,,,,,,,,,,,,,,,,,,,
tywq-93so-3jz8,276890,,publish,"2019-10-28 21:17:17",1,fixed_cart,20,no,,,,,,1,,,,no,no,,,,,,,,,,,,,,,,,,,,,,,,,,,,,,,,,,
ldye-5yzj-a8bn,276891,,publish,"2019-10-28 21:17:17",1,fixed_cart,20,no,,,,,,1,,,,no,no,,,,,,,,,,,,,,,,,,,,,,,,,,,,,,,,,,
itpr-hmwe-laez,276892,,publish,"2019-10-28 21:17:17",1,fixed_cart,20,no,,,,,,1,,,,no,no,,,,,,,,,,,,,,,,,,,,,,,,,,,,,,,,,,
pn9x-fv8z-il5a,276893,,publish,"2019-10-28 21:17:17",1,fixed_cart,20,no,,,,,,1,,,,no,no,,,,,,,,,,,,,,,,,,,,,,,,,,,,,,,,,,
zrzq-xad4-cedo,276894,,publish,"2019-10-28 21:17:17",1,fixed_cart,20,no,,,,,,1,,,,no,no,,,,,,,,,,,,,,,,,,,,,,,,,,,,,,,,,,
fmlq-ppix-rgeq,276895,,publish,"2019-10-28 21:17:17",1,fixed_cart,20,no,,,,,,1,,,,no,no,,,,,,,,,,,,,,,,,,,,,,,,,,,,,,,,,,
zyzt-kkpx-bb2x,276896,,publish,"2019-10-28 21:17:17",1,fixed_cart,20,no,,,,,,1,,,,no,no,,,,,,,,,,,,,,,,,,,,,,,,,,,,,,,,,,
u50d-sfu9-ziug,276897,,publish,"2019-10-28 21:17:17",1,fixed_cart,20,no,,,,,,1,,,,no,no,,,,,,,,,,,,,,,,,,,,,,,,,,,,,,,,,,
dz7d-xrfk-urpt,276898,,publish,"2019-10-28 21:17:17",1,fixed_cart,20,no,,,,,,1,,,,no,no,,,,,,,,,,,,,,,,,,,,,,,,,,,,,,,,,,
hqur-vtdr-0zmp,276899,,publish,"2019-10-28 21:17:17",1,fixed_cart,20,no,,,,,,1,,,,no,no,,,,,,,,,,,,,,,,,,,,,,,,,,,,,,,,,,
bpo3-yvic-zl2d,276900,,publish,"2019-10-28 21:17:17",1,fixed_cart,20,no,,,,,,1,,,,no,no,,,,,,,,,,,,,,,,,,,,,,,,,,,,,,,,,,
ugyb-z4rn-gyjw,276901,,publish,"2019-10-28 21:17:17",1,fixed_cart,20,no,,,,,,1,,,,no,no,,,,,,,,,,,,,,,,,,,,,,,,,,,,,,,,,,
15kt-rnki-1kfm,276902,,publish,"2019-10-28 21:17:17",1,fixed_cart,20,no,,,,,,1,,,,no,no,,,,,,,,,,,,,,,,,,,,,,,,,,,,,,,,,,
jvek-6hdd-sots,276903,,publish,"2019-10-28 21:17:17",1,fixed_cart,20,no,,,,,,1,,,,no,no,,,,,,,,,,,,,,,,,,,,,,,,,,,,,,,,,,
web0-9wfj-2tzz,276904,,publish,"2019-10-28 21:17:17",1,fixed_cart,20,no,,,,,,1,,,,no,no,,,,,,,,,,,,,,,,,,,,,,,,,,,,,,,,,,
d42f-bmjs-me7h,276905,,publish,"2019-10-28 21:17:17",1,fixed_cart,20,no,,,,,,1,,,,no,no,,,,,,,,,,,,,,,,,,,,,,,,,,,,,,,,,,
lwdm-dr8f-5u0r,276906,,publish,"2019-10-28 21:17:17",1,fixed_cart,20,no,,,,,,1,,,,no,no,,,,,,,,,,,,,,,,,,,,,,,,,,,,,,,,,,
iudy-236n-k6tp,276907,,publish,"2019-10-28 21:17:17",1,fixed_cart,20,no,,,,,,1,,,,no,no,,,,,,,,,,,,,,,,,,,,,,,,,,,,,,,,,,
vsil-tn7c-r4sf,276908,,publish,"2019-10-28 21:17:17",1,fixed_cart,20,no,,,,,,1,,,,no,no,,,,,,,,,,,,,,,,,,,,,,,,,,,,,,,,,,
pofc-xcbx-i3oy,276909,,publish,"2019-10-28 21:17:17",1,fixed_cart,20,no,,,,,,1,,,,no,no,,,,,,,,,,,,,,,,,,,,,,,,,,,,,,,,,,
9amc-jms0-yvlv,276910,,publish,"2019-10-28 21:17:17",1,fixed_cart,20,no,,,,,,1,,,,no,no,,,,,,,,,,,,,,,,,,,,,,,,,,,,,,,,,,
qtb8-chu3-lkgw,276911,,publish,"2019-10-28 21:17:17",1,fixed_cart,20,no,,,,,,1,,,,no,no,,,,,,,,,,,,,,,,,,,,,,,,,,,,,,,,,,
lfvp-pvmu-pcjx,276912,,publish,"2019-10-28 21:17:17",1,fixed_cart,20,no,,,,,,1,,,,no,no,,,,,,,,,,,,,,,,,,,,,,,,,,,,,,,,,,
5dgu-bbjr-yl3l,276913,,publish,"2019-10-28 21:17:17",1,fixed_cart,20,no,,,,,,1,,,,no,no,,,,,,,,,,,,,,,,,,,,,,,,,,,,,,,,,,
2uws-nooh-xzar,276914,,publish,"2019-10-28 21:17:17",1,fixed_cart,20,no,,,,,,1,,,,no,no,,,,,,,,,,,,,,,,,,,,,,,,,,,,,,,,,,
wdvd-bjpe-iqkf,276915,,publish,"2019-10-28 21:17:17",1,fixed_cart,20,no,,,,,,1,,,,no,no,,,,,,,,,,,,,,,,,,,,,,,,,,,,,,,,,,
m0mb-6vm4-njy0,276916,,publish,"2019-10-28 21:17:17",1,fixed_cart,20,no,,,,,,1,,,,no,no,,,,,,,,,,,,,,,,,,,,,,,,,,,,,,,,,,
48gs-mtdx-6evk,276917,,publish,"2019-10-28 21:17:17",1,fixed_cart,20,no,,,,,,1,,,,no,no,,,,,,,,,,,,,,,,,,,,,,,,,,,,,,,,,,
wva1-dfie-czls,276918,,publish,"2019-10-28 21:17:17",1,fixed_cart,20,no,,,,,,1,,,,no,no,,,,,,,,,,,,,,,,,,,,,,,,,,,,,,,,,,
sduz-pudd-nwwz,276919,,publish,"2019-10-28 21:17:17",1,fixed_cart,20,no,,,,,,1,,,,no,no,,,,,,,,,,,,,,,,,,,,,,,,,,,,,,,,,,
rbei-kznv-t1ry,276920,,publish,"2019-10-28 21:17:17",1,fixed_cart,20,no,,,,,,1,,,,no,no,,,,,,,,,,,,,,,,,,,,,,,,,,,,,,,,,,
v30c-jwpt-mm0w,276921,,publish,"2019-10-28 21:17:17",1,fixed_cart,20,no,,,,,,1,,,,no,no,,,,,,,,,,,,,,,,,,,,,,,,,,,,,,,,,,
y1x0-tpqn-lutg,276922,,publish,"2019-10-28 21:17:17",1,fixed_cart,20,no,,,,,,1,,,,no,no,,,,,,,,,,,,,,,,,,,,,,,,,,,,,,,,,,
hx2g-5xva-bfyf,276923,,publish,"2019-10-28 21:17:17",1,fixed_cart,20,no,,,,,,1,,,,no,no,,,,,,,,,,,,,,,,,,,,,,,,,,,,,,,,,,
9gg2-xkv8-e3an,276924,,publish,"2019-10-28 21:17:17",1,fixed_cart,20,no,,,,,,1,,,,no,no,,,,,,,,,,,,,,,,,,,,,,,,,,,,,,,,,,
gl45-qito-qpfk,276925,,publish,"2019-10-28 21:17:17",1,fixed_cart,20,no,,,,,,1,,,,no,no,,,,,,,,,,,,,,,,,,,,,,,,,,,,,,,,,,
z0xp-ih0t-pf2j,276926,,publish,"2019-10-28 21:17:17",1,fixed_cart,20,no,,,,,,1,,,,no,no,,,,,,,,,,,,,,,,,,,,,,,,,,,,,,,,,,
yxyq-hlns-qwmz,276927,,publish,"2019-10-28 21:17:17",1,fixed_cart,20,no,,,,,,1,,,,no,no,,,,,,,,,,,,,,,,,,,,,,,,,,,,,,,,,,
spjo-gz1w-fzym,276928,,publish,"2019-10-28 21:17:17",1,fixed_cart,20,no,,,,,,1,,,,no,no,,,,,,,,,,,,,,,,,,,,,,,,,,,,,,,,,,
hkv0-coca-bxiu,276929,,publish,"2019-10-28 21:17:17",1,fixed_cart,20,no,,,,,,1,,,,no,no,,,,,,,,,,,,,,,,,,,,,,,,,,,,,,,,,,
m8rx-jubx-vbzd,276930,,publish,"2019-10-28 21:17:17",1,fixed_cart,20,no,,,,,,1,,,,no,no,,,,,,,,,,,,,,,,,,,,,,,,,,,,,,,,,,
bqpa-wwrt-hzoo,276931,,publish,"2019-10-28 21:17:17",1,fixed_cart,20,no,,,,,,1,,,,no,no,,,,,,,,,,,,,,,,,,,,,,,,,,,,,,,,,,
biwa-h6kj-s97s,276932,,publish,"2019-10-28 21:17:17",1,fixed_cart,20,no,,,,,,1,,,,no,no,,,,,,,,,,,,,,,,,,,,,,,,,,,,,,,,,,
fxs9-j9tb-ggam,276933,,publish,"2019-10-28 21:17:17",1,fixed_cart,20,no,,,,,,1,,,,no,no,,,,,,,,,,,,,,,,,,,,,,,,,,,,,,,,,,
wayh-gfle-1wa0,276934,,publish,"2019-10-28 21:17:17",1,fixed_cart,20,no,,,,,,1,,,,no,no,,,,,,,,,,,,,,,,,,,,,,,,,,,,,,,,,,
luy0-y6ot-6ugl,276935,,publish,"2019-10-28 21:17:17",1,fixed_cart,20,no,,,,,,1,,,,no,no,,,,,,,,,,,,,,,,,,,,,,,,,,,,,,,,,,
prvo-nx9s-qa9t,276936,,publish,"2019-10-28 21:17:17",1,fixed_cart,20,no,,,,,,1,,,,no,no,,,,,,,,,,,,,,,,,,,,,,,,,,,,,,,,,,
bmk3-av6u-tdzh,276937,,publish,"2019-10-28 21:17:17",1,fixed_cart,20,no,,,,,,1,,,,no,no,,,,,,,,,,,,,,,,,,,,,,,,,,,,,,,,,,
vpcp-lx5p-xa7r,276938,,publish,"2019-10-28 21:17:17",1,fixed_cart,20,no,,,,,,1,,,,no,no,,,,,,,,,,,,,,,,,,,,,,,,,,,,,,,,,,
av1v-cj3x-i4mt,276939,,publish,"2019-10-28 21:17:17",1,fixed_cart,20,no,,,,,,1,,,,no,no,,,,,,,,,,,,,,,,,,,,,,,,,,,,,,,,,,
psin-ursh-jki0,276940,,publish,"2019-10-28 21:17:17",1,fixed_cart,20,no,,,,,,1,,,,no,no,,,,,,,,,,,,,,,,,,,,,,,,,,,,,,,,,,
iqgl-rlxx-stpf,276941,,publish,"2019-10-28 21:17:17",1,fixed_cart,20,no,,,,,,1,,,,no,no,,,,,,,,,,,,,,,,,,,,,,,,,,,,,,,,,,
6s2s-31eo-4csl,276942,,publish,"2019-10-28 21:17:17",1,fixed_cart,20,no,,,,,,1,,,,no,no,,,,,,,,,,,,,,,,,,,,,,,,,,,,,,,,,,
fghi-rihm-ib3c,276943,,publish,"2019-10-28 21:17:17",1,fixed_cart,20,no,,,,,,1,,,,no,no,,,,,,,,,,,,,,,,,,,,,,,,,,,,,,,,,,
y5a3-2e4y-0t1u,276944,,publish,"2019-10-28 21:17:17",1,fixed_cart,20,no,,,,,,1,,,,no,no,,,,,,,,,,,,,,,,,,,,,,,,,,,,,,,,,,
m9eb-ajqk-utyr,276945,,publish,"2019-10-28 21:17:17",1,fixed_cart,20,no,,,,,,1,,,,no,no,,,,,,,,,,,,,,,,,,,,,,,,,,,,,,,,,,
7jpm-vse4-inag,276946,,publish,"2019-10-28 21:17:17",1,fixed_cart,20,no,,,,,,1,,,,no,no,,,,,,,,,,,,,,,,,,,,,,,,,,,,,,,,,,
zx3a-ww8t-xaou,276947,,publish,"2019-10-28 21:17:17",1,fixed_cart,20,no,,,,,,1,,,,no,no,,,,,,,,,,,,,,,,,,,,,,,,,,,,,,,,,,
u2kx-utfn-c4gv,276948,,publish,"2019-10-28 21:17:17",1,fixed_cart,20,no,,,,,,1,,,,no,no,,,,,,,,,,,,,,,,,,,,,,,,,,,,,,,,,,
ogab-hums-wx7c,276949,,publish,"2019-10-28 21:17:17",1,fixed_cart,20,no,,,,,,1,,,,no,no,,,,,,,,,,,,,,,,,,,,,,,,,,,,,,,,,,
ftzy-nkmk-mjcu,276950,,publish,"2019-10-28 21:17:17",1,fixed_cart,20,no,,,,,,1,,,,no,no,,,,,,,,,,,,,,,,,,,,,,,,,,,,,,,,,,
rcug-phis-c5xb,276951,,publish,"2019-10-28 21:17:17",1,fixed_cart,20,no,,,,,,1,,,,no,no,,,,,,,,,,,,,,,,,,,,,,,,,,,,,,,,,,
cmdh-xouw-o5oz,276952,,publish,"2019-10-28 21:17:17",1,fixed_cart,20,no,,,,,,1,,,,no,no,,,,,,,,,,,,,,,,,,,,,,,,,,,,,,,,,,
bynf-3873-9ewr,276953,,publish,"2019-10-28 21:17:17",1,fixed_cart,20,no,,,,,,1,,,,no,no,,,,,,,,,,,,,,,,,,,,,,,,,,,,,,,,,,
1qux-sij2-umot,276954,,publish,"2019-10-28 21:17:17",1,fixed_cart,20,no,,,,,,1,,,,no,no,,,,,,,,,,,,,,,,,,,,,,,,,,,,,,,,,,
s1k4-uxei-xkro,276955,,publish,"2019-10-28 21:17:17",1,fixed_cart,20,no,,,,,,1,,,,no,no,,,,,,,,,,,,,,,,,,,,,,,,,,,,,,,,,,
adnp-nn7w-ql1v,276956,,publish,"2019-10-28 21:17:17",1,fixed_cart,20,no,,,,,,1,,,,no,no,,,,,,,,,,,,,,,,,,,,,,,,,,,,,,,,,,
iaha-39zd-hfko,276957,,publish,"2019-10-28 21:17:17",1,fixed_cart,20,no,,,,,,1,,,,no,no,,,,,,,,,,,,,,,,,,,,,,,,,,,,,,,,,,
x096-fjlj-ojys,276958,,publish,"2019-10-28 21:17:17",1,fixed_cart,20,no,,,,,,1,,,,no,no,,,,,,,,,,,,,,,,,,,,,,,,,,,,,,,,,,
fbm7-1bfc-clil,276959,,publish,"2019-10-28 21:17:17",1,fixed_cart,20,no,,,,,,1,,,,no,no,,,,,,,,,,,,,,,,,,,,,,,,,,,,,,,,,,
ycs4-ncxk-gso1,276960,,publish,"2019-10-28 21:17:17",1,fixed_cart,20,no,,,,,,1,,,,no,no,,,,,,,,,,,,,,,,,,,,,,,,,,,,,,,,,,
sxcw-02hc-qy2x,276961,,publish,"2019-10-28 21:17:17",1,fixed_cart,20,no,,,,,,1,,,,no,no,,,,,,,,,,,,,,,,,,,,,,,,,,,,,,,,,,
ne3a-ssu1-pgic,276962,,publish,"2019-10-28 21:17:17",1,fixed_cart,20,no,,,,,,1,,,,no,no,,,,,,,,,,,,,,,,,,,,,,,,,,,,,,,,,,
y9y1-qrhz-xaiu,276963,,publish,"2019-10-28 21:17:17",1,fixed_cart,20,no,,,,,,1,,,,no,no,,,,,,,,,,,,,,,,,,,,,,,,,,,,,,,,,,
a4fi-otva-5m9r,276964,,publish,"2019-10-28 21:17:17",1,fixed_cart,20,no,,,,,,1,,,,no,no,,,,,,,,,,,,,,,,,,,,,,,,,,,,,,,,,,
3rgb-zujz-amre,276965,,publish,"2019-10-28 21:17:17",1,fixed_cart,20,no,,,,,,1,,,,no,no,,,,,,,,,,,,,,,,,,,,,,,,,,,,,,,,,,
8y07-foyw-hu3a,276966,,publish,"2019-10-28 21:17:17",1,fixed_cart,20,no,,,,,,1,,,,no,no,,,,,,,,,,,,,,,,,,,,,,,,,,,,,,,,,,
gpmq-bdpa-kagy,276967,,publish,"2019-10-28 21:17:17",1,fixed_cart,20,no,,,,,,1,,,,no,no,,,,,,,,,,,,,,,,,,,,,,,,,,,,,,,,,,
ozkh-myqs-fahw,276968,,publish,"2019-10-28 21:17:17",1,fixed_cart,20,no,,,,,,1,,,,no,no,,,,,,,,,,,,,,,,,,,,,,,,,,,,,,,,,,
7wan-ysie-c3vy,276969,,publish,"2019-10-28 21:17:17",1,fixed_cart,20,no,,,,,,1,,,,no,no,,,,,,,,,,,,,,,,,,,,,,,,,,,,,,,,,,
uggs-iayr-rupo,276970,,publish,"2019-10-28 21:17:17",1,fixed_cart,20,no,,,,,,1,,,,no,no,,,,,,,,,,,,,,,,,,,,,,,,,,,,,,,,,,
rna0-9fhj-iyzg,276971,,publish,"2019-10-28 21:17:17",1,fixed_cart,20,no,,,,,,1,,,,no,no,,,,,,,,,,,,,,,,,,,,,,,,,,,,,,,,,,
rgnm-l9fp-d5dv,276972,,publish,"2019-10-28 21:17:17",1,fixed_cart,20,no,,,,,,1,,,,no,no,,,,,,,,,,,,,,,,,,,,,,,,,,,,,,,,,,
up95-am9i-idny,276973,,publish,"2019-10-28 21:17:17",1,fixed_cart,20,no,,,,,,1,,,,no,no,,,,,,,,,,,,,,,,,,,,,,,,,,,,,,,,,,
9jzw-ujf4-ubvu,276974,,publish,"2019-10-28 21:17:17",1,fixed_cart,20,no,,,,,,1,,,,no,no,,,,,,,,,,,,,,,,,,,,,,,,,,,,,,,,,,
ypmr-66m4-idta,276975,,publish,"2019-10-28 21:17:17",1,fixed_cart,20,no,,,,,,1,,,,no,no,,,,,,,,,,,,,,,,,,,,,,,,,,,,,,,,,,
snf0-omac-spar,276976,,publish,"2019-10-28 21:17:17",1,fixed_cart,20,no,,,,,,1,,,,no,no,,,,,,,,,,,,,,,,,,,,,,,,,,,,,,,,,,
hcqv-vk1m-n83q,276977,,publish,"2019-10-28 21:17:17",1,fixed_cart,20,no,,,,,,1,,,,no,no,,,,,,,,,,,,,,,,,,,,,,,,,,,,,,,,,,
u8dx-amwb-hme0,276978,,publish,"2019-10-28 21:17:17",1,fixed_cart,20,no,,,,,,1,,,,no,no,,,,,,,,,,,,,,,,,,,,,,,,,,,,,,,,,,
xwkn-qlqa-kl7a,276979,,publish,"2019-10-28 21:17:17",1,fixed_cart,20,no,,,,,,1,,,,no,no,,,,,,,,,,,,,,,,,,,,,,,,,,,,,,,,,,
2trs-chcu-exkd,276980,,publish,"2019-10-28 21:17:17",1,fixed_cart,20,no,,,,,,1,,,,no,no,,,,,,,,,,,,,,,,,,,,,,,,,,,,,,,,,,
7qnx-ve0s-19wu,276981,,publish,"2019-10-28 21:17:17",1,fixed_cart,20,no,,,,,,1,,,,no,no,,,,,,,,,,,,,,,,,,,,,,,,,,,,,,,,,,
vnav-8bzo-cdx9,276982,,publish,"2019-10-28 21:17:17",1,fixed_cart,20,no,,,,,,1,,,,no,no,,,,,,,,,,,,,,,,,,,,,,,,,,,,,,,,,,
ddrp-zpgy-zg8i,276983,,publish,"2019-10-28 21:17:17",1,fixed_cart,20,no,,,,,,1,,,,no,no,,,,,,,,,,,,,,,,,,,,,,,,,,,,,,,,,,
r44z-tx4a-q7bt,276984,,publish,"2019-10-28 21:17:17",1,fixed_cart,20,no,,,,,,1,,,,no,no,,,,,,,,,,,,,,,,,,,,,,,,,,,,,,,,,,
epgk-ccon-ardh,276985,,publish,"2019-10-28 21:17:17",1,fixed_cart,20,no,,,,,,1,,,,no,no,,,,,,,,,,,,,,,,,,,,,,,,,,,,,,,,,,
ucic-afcs-z1ks,276986,,publish,"2019-10-28 21:17:17",1,fixed_cart,20,no,,,,,,1,,,,no,no,,,,,,,,,,,,,,,,,,,,,,,,,,,,,,,,,,
euql-cvqx-sdzg,276987,,publish,"2019-10-28 21:17:17",1,fixed_cart,20,no,,,,,,1,,,,no,no,,,,,,,,,,,,,,,,,,,,,,,,,,,,,,,,,,
zxro-stth-geth,276988,,publish,"2019-10-28 21:17:17",1,fixed_cart,20,no,,,,,,1,,,,no,no,,,,,,,,,,,,,,,,,,,,,,,,,,,,,,,,,,
9kns-qmek-iawk,276989,,publish,"2019-10-28 21:17:17",1,fixed_cart,20,no,,,,,,1,,,,no,no,,,,,,,,,,,,,,,,,,,,,,,,,,,,,,,,,,
mrgc-r995-juyu,276990,,publish,"2019-10-28 21:17:17",1,fixed_cart,20,no,,,,,,1,,,,no,no,,,,,,,,,,,,,,,,,,,,,,,,,,,,,,,,,,
dd7e-uwex-ib6n,276991,,publish,"2019-10-28 21:17:17",1,fixed_cart,20,no,,,,,,1,,,,no,no,,,,,,,,,,,,,,,,,,,,,,,,,,,,,,,,,,
lefz-e9sn-zo8w,276992,,publish,"2019-10-28 21:17:17",1,fixed_cart,20,no,,,,,,1,,,,no,no,,,,,,,,,,,,,,,,,,,,,,,,,,,,,,,,,,
395a-deyu-pb8h,276993,,publish,"2019-10-28 21:17:17",1,fixed_cart,20,no,,,,,,1,,,,no,no,,,,,,,,,,,,,,,,,,,,,,,,,,,,,,,,,,
bjud-htjt-pyvn,276994,,publish,"2019-10-28 21:17:17",1,fixed_cart,20,no,,,,,,1,,,,no,no,,,,,,,,,,,,,,,,,,,,,,,,,,,,,,,,,,
kyji-kez1-ligh,276995,,publish,"2019-10-28 21:17:17",1,fixed_cart,20,no,,,,,,1,,,,no,no,,,,,,,,,,,,,,,,,,,,,,,,,,,,,,,,,,
57mu-mrku-yqjp,276996,,publish,"2019-10-28 21:17:17",1,fixed_cart,20,no,,,,,,1,,,,no,no,,,,,,,,,,,,,,,,,,,,,,,,,,,,,,,,,,
ctxm-bfwy-y8lx,276997,,publish,"2019-10-28 21:17:17",1,fixed_cart,20,no,,,,,,1,,,,no,no,,,,,,,,,,,,,,,,,,,,,,,,,,,,,,,,,,
zl0k-amob-pi2u,276998,,publish,"2019-10-28 21:17:17",1,fixed_cart,20,no,,,,,,1,,,,no,no,,,,,,,,,,,,,,,,,,,,,,,,,,,,,,,,,,
iiuk-v5a1-p69c,276999,,publish,"2019-10-28 21:17:17",1,fixed_cart,20,no,,,,,,1,,,,no,no,,,,,,,,,,,,,,,,,,,,,,,,,,,,,,,,,,
481f-ysll-j4dn,277000,,publish,"2019-10-28 21:17:17",1,fixed_cart,20,no,,,,,,1,,,,no,no,,,,,,,,,,,,,,,,,,,,,,,,,,,,,,,,,,
gckr-gbvx-pbmk,277001,,publish,"2019-10-28 21:17:17",1,fixed_cart,20,no,,,,,,1,,,,no,no,,,,,,,,,,,,,,,,,,,,,,,,,,,,,,,,,,
krik-yqdw-b7ms,277002,,publish,"2019-10-28 21:17:17",1,fixed_cart,20,no,,,,,,1,,,,no,no,,,,,,,,,,,,,,,,,,,,,,,,,,,,,,,,,,
qxak-92ez-i7be,277003,,publish,"2019-10-28 21:17:17",1,fixed_cart,20,no,,,,,,1,,,,no,no,,,,,,,,,,,,,,,,,,,,,,,,,,,,,,,,,,
mav3-0apo-c6ug,277004,,publish,"2019-10-28 21:17:17",1,fixed_cart,20,no,,,,,,1,,,,no,no,,,,,,,,,,,,,,,,,,,,,,,,,,,,,,,,,,
zkkp-wdbl-bja6,277005,,publish,"2019-10-28 21:17:17",1,fixed_cart,20,no,,,,,,1,,,,no,no,,,,,,,,,,,,,,,,,,,,,,,,,,,,,,,,,,
fgtq-2lyr-y03p,277006,,publish,"2019-10-28 21:17:17",1,fixed_cart,20,no,,,,,,1,,,,no,no,,,,,,,,,,,,,,,,,,,,,,,,,,,,,,,,,,
nnvb-sntm-0ot4,277007,,publish,"2019-10-28 21:17:17",1,fixed_cart,20,no,,,,,,1,,,,no,no,,,,,,,,,,,,,,,,,,,,,,,,,,,,,,,,,,
2ihb-vsld-7zpv,277008,,publish,"2019-10-28 21:17:17",1,fixed_cart,20,no,,,,,,1,,,,no,no,,,,,,,,,,,,,,,,,,,,,,,,,,,,,,,,,,
0slu-eruz-mz91,277009,,publish,"2019-10-28 21:17:17",1,fixed_cart,20,no,,,,,,1,,,,no,no,,,,,,,,,,,,,,,,,,,,,,,,,,,,,,,,,,
q8yz-r8ev-0qa0,277010,,publish,"2019-10-28 21:17:17",1,fixed_cart,20,no,,,,,,1,,,,no,no,,,,,,,,,,,,,,,,,,,,,,,,,,,,,,,,,,
yigk-rdqp-o4it,277011,,publish,"2019-10-28 21:17:17",1,fixed_cart,20,no,,,,,,1,,,,no,no,,,,,,,,,,,,,,,,,,,,,,,,,,,,,,,,,,
xrda-eunf-rf4l,277012,,publish,"2019-10-28 21:17:17",1,fixed_cart,20,no,,,,,,1,,,,no,no,,,,,,,,,,,,,,,,,,,,,,,,,,,,,,,,,,
3no1-hfcu-pbkv,277013,,publish,"2019-10-28 21:17:17",1,fixed_cart,20,no,,,,,,1,,,,no,no,,,,,,,,,,,,,,,,,,,,,,,,,,,,,,,,,,
gc6y-ijch-ppjf,277014,,publish,"2019-10-28 21:17:17",1,fixed_cart,20,no,,,,,,1,,,,no,no,,,,,,,,,,,,,,,,,,,,,,,,,,,,,,,,,,
lpx5-u7qe-xdai,277015,,publish,"2019-10-28 21:17:17",1,fixed_cart,20,no,,,,,,1,,,,no,no,,,,,,,,,,,,,,,,,,,,,,,,,,,,,,,,,,
imzd-j1e8-7szu,277016,,publish,"2019-10-28 21:17:17",1,fixed_cart,20,no,,,,,,1,,,,no,no,,,,,,,,,,,,,,,,,,,,,,,,,,,,,,,,,,
8sjc-5ewz-vvds,277017,,publish,"2019-10-28 21:17:17",1,fixed_cart,20,no,,,,,,1,,,,no,no,,,,,,,,,,,,,,,,,,,,,,,,,,,,,,,,,,
oimy-dhmk-yv8m,277018,,publish,"2019-10-28 21:17:17",1,fixed_cart,20,no,,,,,,1,,,,no,no,,,,,,,,,,,,,,,,,,,,,,,,,,,,,,,,,,
tghk-rse0-mujh,277019,,publish,"2019-10-28 21:17:17",1,fixed_cart,20,no,,,,,,1,,,,no,no,,,,,,,,,,,,,,,,,,,,,,,,,,,,,,,,,,
lwtd-jahy-eilj,277020,,publish,"2019-10-28 21:17:17",1,fixed_cart,20,no,,,,,,1,,,,no,no,,,,,,,,,,,,,,,,,,,,,,,,,,,,,,,,,,
uhi7-dnji-uxag,277021,,publish,"2019-10-28 21:17:17",1,fixed_cart,20,no,,,,,,1,,,,no,no,,,,,,,,,,,,,,,,,,,,,,,,,,,,,,,,,,
1gvv-du7l-fvbs,277022,,publish,"2019-10-28 21:17:17",1,fixed_cart,20,no,,,,,,1,,,,no,no,,,,,,,,,,,,,,,,,,,,,,,,,,,,,,,,,,
fkkl-4gyg-vbzw,277023,,publish,"2019-10-28 21:17:17",1,fixed_cart,20,no,,,,,,1,,,,no,no,,,,,,,,,,,,,,,,,,,,,,,,,,,,,,,,,,
lis0-zo6i-dlrz,277024,,publish,"2019-10-28 21:17:17",1,fixed_cart,20,no,,,,,,1,,,,no,no,,,,,,,,,,,,,,,,,,,,,,,,,,,,,,,,,,
ok87-gldm-kjdb,277025,,publish,"2019-10-28 21:17:17",1,fixed_cart,20,no,,,,,,1,,,,no,no,,,,,,,,,,,,,,,,,,,,,,,,,,,,,,,,,,
cnzf-6evy-ircr,277026,,publish,"2019-10-28 21:17:17",1,fixed_cart,20,no,,,,,,1,,,,no,no,,,,,,,,,,,,,,,,,,,,,,,,,,,,,,,,,,
lfko-2uly-pmdw,277027,,publish,"2019-10-28 21:17:17",1,fixed_cart,20,no,,,,,,1,,,,no,no,,,,,,,,,,,,,,,,,,,,,,,,,,,,,,,,,,
hyyt-v28l-cfs0,277028,,publish,"2019-10-28 21:17:17",1,fixed_cart,20,no,,,,,,1,,,,no,no,,,,,,,,,,,,,,,,,,,,,,,,,,,,,,,,,,
jqap-nist-zfja,277029,,publish,"2019-10-28 21:17:17",1,fixed_cart,20,no,,,,,,1,,,,no,no,,,,,,,,,,,,,,,,,,,,,,,,,,,,,,,,,,
kmfl-i3g2-srns,277030,,publish,"2019-10-28 21:17:17",1,fixed_cart,20,no,,,,,,1,,,,no,no,,,,,,,,,,,,,,,,,,,,,,,,,,,,,,,,,,
9bmc-xhmu-tyxv,277031,,publish,"2019-10-28 21:17:17",1,fixed_cart,20,no,,,,,,1,,,,no,no,,,,,,,,,,,,,,,,,,,,,,,,,,,,,,,,,,
yidj-kq0v-wmyw,277032,,publish,"2019-10-28 21:17:17",1,fixed_cart,20,no,,,,,,1,,,,no,no,,,,,,,,,,,,,,,,,,,,,,,,,,,,,,,,,,
iz1z-rkuo-upny,277033,,publish,"2019-10-28 21:17:17",1,fixed_cart,20,no,,,,,,1,,,,no,no,,,,,,,,,,,,,,,,,,,,,,,,,,,,,,,,,,
4wl5-6jiv-ssz9,277034,,publish,"2019-10-28 21:17:17",1,fixed_cart,20,no,,,,,,1,,,,no,no,,,,,,,,,,,,,,,,,,,,,,,,,,,,,,,,,,
n0l9-vyz7-jl6l,277035,,publish,"2019-10-28 21:17:17",1,fixed_cart,20,no,,,,,,1,,,,no,no,,,,,,,,,,,,,,,,,,,,,,,,,,,,,,,,,,
aglf-ecgl-3cvc,277036,,publish,"2019-10-28 21:17:17",1,fixed_cart,20,no,,,,,,1,,,,no,no,,,,,,,,,,,,,,,,,,,,,,,,,,,,,,,,,,
1ho9-znmu-w6dl,277037,,publish,"2019-10-28 21:17:17",1,fixed_cart,20,no,,,,,,1,,,,no,no,,,,,,,,,,,,,,,,,,,,,,,,,,,,,,,,,,
y2gj-zpch-mlpy,277038,,publish,"2019-10-28 21:17:17",1,fixed_cart,20,no,,,,,,1,,,,no,no,,,,,,,,,,,,,,,,,,,,,,,,,,,,,,,,,,
nzxh-gmjv-dpfp,277039,,publish,"2019-10-28 21:17:17",1,fixed_cart,20,no,,,,,,1,,,,no,no,,,,,,,,,,,,,,,,,,,,,,,,,,,,,,,,,,
pomg-5pjr-u0pf,277040,,publish,"2019-10-28 21:17:17",1,fixed_cart,20,no,,,,,,1,,,,no,no,,,,,,,,,,,,,,,,,,,,,,,,,,,,,,,,,,
